Node1,Node2,Edge_Dist,Timeframe
N451_1,O1_10,9.243957847808785,0
N495_1,O1_10,6.739294316318407,0
N563_1,O2_6,9.787450057928261,0
N563_1,O1_10,6.535653377255248,0
N331_2,O1_11,9.445005022738956,0
N375_2,O1_11,8.532599477173289,0
N387_2,O1_11,7.017727042605948,0
N451_2,O1_6,7.456417209099064,0
N451_2,O2_6,6.692303021271657,0
N451_2,O2_10,9.435982593006594,0
N507_2,O1_6,8.697153354432198,0
N507_2,O2_6,7.9394976291900745,0
N519_2,O1_6,6.434590637891773,0
N519_2,O2_6,7.138542301093873,0
N419_1,O1_10,9.672564177628413,1
N451_1,O1_10,8.452278485165804,1
N495_1,O1_10,6.450564259534092,1
N563_1,O2_6,9.891911839465033,1
N563_1,O1_10,6.711890943432171,1
N331_2,O1_11,8.197984828898672,1
N331_2,O2_11,9.610269849260952,1
N375_2,O1_11,7.7463740216890615,1
N387_2,O1_11,6.130918482925749,1
N387_2,O2_11,9.039508362509999,1
N407_2,O1_11,9.856698891650627,1
N451_2,O1_6,8.004378854389524,1
N451_2,O2_6,7.174207919291093,1
N507_2,O1_6,8.532428032878087,1
N507_2,O2_6,9.297182707187527,1
N519_2,O1_6,6.6474478119591724,1
N519_2,O2_6,7.922731122917078,1
N451_1,O1_10,8.799431572069699,2
N495_1,O1_10,6.704367102521476,2
N551_1,O1_10,9.830259714440837,2
N563_1,O2_6,9.564565384817966,2
N563_1,O1_10,6.511188754667298,2
N331_2,O1_11,9.034965711158486,2
N375_2,O1_11,9.105182474728748,2
N387_2,O1_11,7.124897477725265,2
N451_2,O1_6,7.827841964071808,2
N451_2,O2_6,6.3801180209902135,2
N507_2,O1_6,7.8535077543037435,2
N507_2,O2_6,8.17242901360832,2
N519_2,O1_6,6.593781401215924,2
N519_2,O2_6,7.45668150688996,2
N451_1,O1_10,9.639239998370805,3
N495_1,O1_10,6.814730631298593,3
N563_1,O1_10,6.5737235232824975,3
N331_2,O1_11,9.05412594915887,3
N375_2,O1_11,8.227460991581406,3
N387_2,O1_11,6.801363357300505,3
N387_2,O2_11,9.810523191817694,3
N451_2,O1_6,9.400975427826054,3
N451_2,O2_6,7.590555074177918,3
N507_2,O1_6,9.321540148846312,3
N507_2,O2_6,8.853935482607367,3
N519_2,O1_6,7.9755018612663315,3
N519_2,O2_6,8.049848528878211,3
N451_1,O1_10,9.36200689790246,4
N495_1,O1_10,6.609432513260793,4
N551_1,O1_10,9.726014340714748,4
N563_1,O1_10,6.497237485639313,4
N563_1,O2_10,9.733822037286519,4
N331_2,O1_11,8.908582199493694,4
N331_2,O2_11,9.888343912167487,4
N375_2,O1_11,8.761408255494256,4
N387_2,O1_11,7.2233578303409205,4
N387_2,O2_11,9.980449913244474,4
N451_2,O1_6,8.929983397485806,4
N451_2,O2_6,7.269962313729437,4
N507_2,O1_6,8.553113472332564,4
N507_2,O2_6,8.569974075209652,4
N519_2,O1_6,7.234524177472576,4
N519_2,O2_6,7.819953012105745,4
N419_1,O1_10,9.751132450146304,5
N451_1,O1_10,8.894656745611385,5
N495_1,O1_10,6.332163250194016,5
N563_1,O2_6,9.65495277183269,5
N563_1,O1_10,6.560777436905214,5
N563_1,O2_10,9.770201697423277,5
N331_2,O1_11,8.362219682934086,5
N331_2,O2_11,9.870572889653396,5
N375_2,O1_11,8.17301676648438,5
N387_2,O1_11,6.485015240627859,5
N387_2,O2_11,9.414661314740247,5
N407_2,O1_11,9.84368674349918,5
N451_2,O1_6,8.869495209985017,5
N451_2,O2_6,7.377058378484095,5
N507_2,O1_6,8.727984361806987,5
N507_2,O2_6,8.835529867429793,5
N519_2,O1_6,7.396018966366468,5
N519_2,O2_6,8.141437252014676,5
N451_1,O1_10,9.060096814187364,6
N495_1,O1_10,7.70938021456951,6
N563_1,O2_6,9.749396373994907,6
N563_1,O1_10,7.561455391572395,6
N331_2,O1_11,8.969198082836458,6
N375_2,O1_11,8.554101545279169,6
N387_2,O1_11,6.4296700136019,6
N387_2,O2_11,9.065875588605861,6
N451_2,O1_6,8.6280339844238,6
N451_2,O2_6,6.826297596403791,6
N507_2,O1_6,8.902431148530665,6
N507_2,O2_6,8.834813588427414,6
N519_2,O1_6,7.75164699273786,6
N519_2,O2_6,8.096517729673005,6
N451_1,O1_10,9.664369138569464,7
N495_1,O1_10,7.7051051256303715,7
N563_1,O2_6,9.253927764518725,7
N563_1,O1_10,7.776912433056807,7
N331_2,O1_11,8.804428732331706,7
N375_2,O1_11,9.09027234422857,7
N387_2,O1_11,7.1786760907238625,7
N387_2,O2_11,9.518884625225303,7
N451_2,O1_6,8.873379453903548,7
N451_2,O2_6,7.087166331707371,7
N507_2,O1_6,9.340702469473962,7
N507_2,O2_6,8.25613106988078,7
N519_2,O1_6,7.735681843725967,7
N519_2,O2_6,7.660080928215953,7
N451_1,O1_10,9.391339108509586,8
N495_1,O1_10,7.799429114805225,8
N563_1,O2_6,9.493545832548726,8
N563_1,O1_10,7.627847482493045,8
N331_2,O1_11,8.654409105562815,8
N331_2,O2_11,9.379366969292876,8
N375_2,O1_11,7.4718492311179805,8
N387_2,O1_11,6.591755688867557,8
N387_2,O2_11,8.755707344609846,8
N407_2,O1_11,9.465052066264853,8
N451_2,O1_6,9.028565732734167,8
N451_2,O2_6,8.160053597418218,8
N507_2,O1_6,8.604384642130467,8
N507_2,O2_6,9.191167825847067,8
N519_2,O1_6,7.815728776250705,8
N519_2,O2_6,8.956117431605218,8
N451_1,O1_10,9.393798983968138,9
N495_1,O1_10,7.323913389232004,9
N563_1,O2_6,9.271958150945025,9
N563_1,O1_10,6.968286870016619,9
N331_2,O1_11,8.252968315192222,9
N375_2,O1_11,7.468706477111308,9
N387_2,O1_11,6.684817555171512,9
N387_2,O2_11,9.476088510644516,9
N451_2,O1_6,9.16697142137115,9
N451_2,O2_6,7.978573986905428,9
N507_2,O1_6,9.178579279479182,9
N507_2,O2_6,9.420116731935826,9
N519_2,O1_6,8.078665062139155,9
N519_2,O2_6,8.789161008636277,9
N451_1,O1_10,9.597347667440292,10
N495_1,O1_10,7.787449128340998,10
N563_1,O2_6,9.829261733379862,10
N563_1,O1_10,7.302291502165924,10
N331_2,O1_11,8.226695637386845,10
N331_2,O2_11,9.950662870950106,10
N375_2,O1_11,7.3203217427147225,10
N387_2,O1_11,6.6958672150598035,10
N387_2,O2_11,9.463768629391991,10
N451_2,O1_6,9.265501162919218,10
N451_2,O2_6,8.640831509529791,10
N507_2,O1_6,8.900943975053103,10
N507_2,O2_6,9.675063184695425,10
N519_2,O1_6,8.005102514978836,10
N519_2,O2_6,9.171568015418291,10
N451_1,O1_10,9.19394988437276,11
N495_1,O1_10,7.6087375008506966,11
N563_1,O2_6,9.89232727700257,11
N563_1,O1_10,7.584871047464595,11
N275_2,O1_11,9.957592886605454,11
N275_2,O2_11,9.067514180512848,11
N331_2,O1_11,7.330448733516475,11
N331_2,O2_11,8.769170624998825,11
N375_2,O1_11,7.834079646997671,11
N387_2,O1_11,6.656561522333911,11
N387_2,O2_11,8.242627212716403,11
N407_2,O1_11,9.73290155216805,11
N451_2,O1_6,8.687223564464636,11
N451_2,O2_6,8.471472533131625,11
N507_2,O1_6,7.960492274569519,11
N507_2,O2_6,9.67490446729157,11
N519_2,O1_6,7.029477428851933,11
N519_2,O2_6,9.007530398651696,11
N451_1,O1_10,9.986939045590201,12
N495_1,O1_10,8.118050331121779,12
N563_1,O2_6,9.577755048152419,12
N563_1,O1_10,7.69726345996916,12
N275_2,O1_11,9.709924596548857,12
N275_2,O2_11,8.572223692330653,12
N331_2,O1_11,7.481047906070285,12
N331_2,O2_11,8.406273271016703,12
N375_2,O1_11,7.181550648644616,12
N387_2,O1_11,6.119401339085127,12
N387_2,O2_11,7.598249653409802,12
N407_2,O1_11,9.642005586228118,12
N451_2,O1_6,8.425886211755254,12
N451_2,O2_6,8.269016741431084,12
N507_2,O1_6,8.604138287287176,12
N507_2,O2_6,9.452234048009228,12
N519_2,O1_6,7.19745835668624,12
N519_2,O2_6,8.650163472019587,12
N451_1,O1_10,9.588124520054157,13
N495_1,O1_10,8.128913863730391,13
N563_1,O2_6,9.341022692848956,13
N563_1,O1_10,7.677011335861097,13
N275_2,O1_11,9.9907681323315,13
N275_2,O2_11,8.183143221248717,13
N331_2,O1_11,6.909098232162395,13
N331_2,O2_11,7.442270917503247,13
N343_2,O2_11,9.355494244941351,13
N375_2,O1_11,7.510745008662639,13
N387_2,O1_11,6.580368008219758,13
N387_2,O2_11,7.515878177522314,13
N407_2,O1_11,8.775296882367332,13
N451_2,O1_6,9.021640804504239,13
N451_2,O2_6,8.28160261225288,13
N507_2,O1_6,8.474525248442443,13
N507_2,O2_6,9.322775381058152,13
N519_2,O1_6,7.28273906560169,13
N519_2,O2_6,8.721250191640031,13
N451_1,O1_10,9.434754560196684,14
N495_1,O1_10,7.624215420625576,14
N563_1,O1_10,7.755425868616365,14
N275_2,O1_11,9.868586476816192,14
N275_2,O2_11,8.622204833974815,14
N331_2,O1_11,7.520012476723396,14
N331_2,O2_11,8.160838507279047,14
N375_2,O1_11,7.499701881213515,14
N387_2,O1_11,6.31988673411428,14
N387_2,O2_11,7.940378516147611,14
N407_2,O1_11,9.08665818784717,14
N451_2,O1_6,9.279078136559512,14
N451_2,O2_6,8.246827408365807,14
N507_2,O1_6,9.658931348807041,14
N519_2,O1_6,7.801128020307454,14
N519_2,O2_6,8.827296156961246,14
N451_1,O1_10,9.063562263800993,15
N495_1,O1_10,8.058384158453356,15
N563_1,O2_6,9.473530814018076,15
N563_1,O1_10,8.035383197388086,15
N275_2,O2_11,9.382928461120171,15
N331_2,O1_11,8.40884406439594,15
N331_2,O2_11,9.173023213774282,15
N375_2,O1_11,7.261575357096007,15
N387_2,O1_11,6.485357311793341,15
N387_2,O2_11,7.905682181922592,15
N407_2,O1_11,9.603189121667912,15
N451_2,O1_6,9.053995912412413,15
N451_2,O2_6,8.657953027112834,15
N507_2,O1_6,8.80371895696741,15
N507_2,O2_6,9.761547356392496,15
N519_2,O1_6,6.982050511442162,15
N519_2,O2_6,8.559098794298015,15
N451_1,O1_10,9.557398412088462,16
N495_1,O1_10,7.9053144134968685,16
N563_1,O2_6,9.584089141556033,16
N563_1,O1_10,7.443399063720174,16
N275_2,O1_11,9.999924923809825,16
N275_2,O2_11,8.33698334342369,16
N331_2,O1_11,6.903584909114938,16
N331_2,O2_11,7.352436026768264,16
N343_2,O2_11,9.391918610280266,16
N375_2,O1_11,7.391508813385962,16
N387_2,O1_11,6.339910900283837,16
N387_2,O2_11,7.588808664530616,16
N407_2,O1_11,9.46168054271157,16
N451_2,O1_6,9.040794537907097,16
N451_2,O2_6,8.775847629434598,16
N507_2,O1_6,9.110261127832088,16
N507_2,O2_6,9.984022701828973,16
N519_2,O1_6,7.521663683018312,16
N519_2,O2_6,8.946081192912395,16
N419_1,O1_10,9.756718255825797,17
N451_1,O1_10,9.268333966432893,17
N495_1,O1_10,8.09413005688909,17
N563_1,O2_6,9.70254615158116,17
N563_1,O1_10,8.234645305386092,17
N275_2,O1_11,9.699682300532361,17
N275_2,O2_11,8.386856232896315,17
N331_2,O1_11,6.679260722284972,17
N331_2,O2_11,7.551800596954416,17
N343_2,O2_11,9.734113341760478,17
N375_2,O1_11,7.208205354681096,17
N387_2,O1_11,6.099771324741543,17
N387_2,O2_11,7.358349140996255,17
N407_2,O1_11,8.505021774395358,17
N451_2,O1_6,8.42115947825744,17
N451_2,O2_6,8.379580266770086,17
N507_2,O1_6,8.466728916731288,17
N519_2,O1_6,6.908606847358503,17
N519_2,O2_6,8.895494251440203,17
N451_1,O1_10,9.281930641317592,18
N495_1,O1_10,7.8359804675722975,18
N563_1,O2_6,8.799433896979801,18
N563_1,O1_10,7.451852575473435,18
N275_2,O2_11,8.102212612817095,18
N331_2,O1_11,6.281590488524357,18
N331_2,O2_11,6.225451688897077,18
N343_2,O2_11,8.514157775181571,18
N375_2,O1_11,7.382814747303698,18
N387_2,O1_11,6.784848483055344,18
N387_2,O2_11,7.972879613779114,18
N407_2,O1_11,8.534437840297253,18
N451_2,O1_6,8.35402349369674,18
N451_2,O2_6,8.413279629043291,18
N507_2,O1_6,9.281929623530438,18
N519_2,O1_6,7.106444954209693,18
N519_2,O2_6,8.99058725465619,18
N451_1,O2_6,9.939231942272084,19
N451_1,O1_10,9.253260971719868,19
N495_1,O1_10,7.956290823304022,19
N563_1,O2_6,8.016812669384883,19
N563_1,O1_10,7.356165470985965,19
N275_2,O1_11,9.80913636730834,19
N275_2,O2_11,8.403091566321358,19
N331_2,O1_11,6.506763733246905,19
N331_2,O2_11,6.466832079210563,19
N343_2,O2_11,9.009741938228755,19
N375_2,O1_11,8.51831630028182,19
N387_2,O1_11,6.875215614686024,19
N387_2,O2_11,8.7413406683925,19
N407_2,O1_11,9.63810483104105,19
N451_2,O1_6,8.19473581928085,19
N451_2,O2_6,7.9893051802066655,19
N507_2,O1_6,8.400958183570697,19
N507_2,O2_6,9.801459776208434,19
N519_2,O1_6,7.046988664140652,19
N519_2,O2_6,8.783430575167314,19
N451_1,O2_6,8.914879516972347,20
N451_1,O1_10,9.257615192103884,20
N495_1,O2_6,9.209569651295162,20
N495_1,O1_10,8.603029853070854,20
N563_1,O2_6,7.898104226960375,20
N563_1,O1_10,8.994425247165534,20
N275_2,O1_11,9.946222030985892,20
N275_2,O2_11,8.135551371767052,20
N331_2,O1_11,6.558945983263451,20
N331_2,O2_11,6.789587838381022,20
N343_2,O2_11,9.421194751051821,20
N375_2,O1_11,6.65644422627234,20
N375_2,O2_11,9.778697088698468,20
N387_2,O1_11,6.103030829560271,20
N387_2,O2_11,6.9312095376395835,20
N407_2,O1_11,8.10817720190564,20
N451_2,O1_6,8.224289684671199,20
N451_2,O2_6,8.402016636498374,20
N507_2,O1_6,9.880855452987417,20
N519_2,O1_6,7.912114080380726,20
N519_2,O2_6,9.512651436657832,20
N451_1,O1_10,9.76455020495012,21
N495_1,O2_6,9.884649673330948,21
N495_1,O1_10,7.781636407542285,21
N563_1,O2_6,7.43171307731779,21
N563_1,O1_10,7.398130422522518,21
N275_2,O1_11,9.71634619279298,21
N275_2,O2_11,8.249343950912024,21
N331_2,O1_11,6.631202929885351,21
N331_2,O2_11,6.712828536389031,21
N343_2,O2_11,9.200515285521485,21
N375_2,O1_11,7.232173640578224,21
N387_2,O1_11,6.742289978971492,21
N387_2,O2_11,8.123347645839699,21
N407_2,O1_11,8.37518519810543,21
N451_2,O1_6,7.562246952552917,21
N451_2,O2_6,6.540594597853783,21
N507_2,O2_6,8.658057696179172,21
N519_2,O1_6,7.85377723273779,21
N519_2,O2_6,7.455542463663214,21
N451_1,O2_6,9.665573360339025,22
N451_1,O1_10,9.236211662967879,22
N495_1,O2_6,9.77728285122922,22
N495_1,O1_10,7.957022469053008,22
N563_1,O2_6,8.172503836532323,22
N563_1,O1_10,8.062130018576713,22
N275_2,O1_11,9.871382917898748,22
N275_2,O2_11,9.381723029266928,22
N331_2,O1_11,6.8150686950083275,22
N331_2,O2_11,7.111118841931034,22
N375_2,O1_11,7.674805167424882,22
N387_2,O1_11,6.08582743594757,22
N387_2,O2_11,8.227573203076727,22
N407_2,O1_11,8.211536255064145,22
N451_2,O1_6,8.181065269305245,22
N451_2,O2_6,7.649092138532188,22
N507_2,O1_6,9.304756555989565,22
N519_2,O1_6,7.456374624714177,22
N519_2,O2_6,8.842094530105452,22
N419_1,O1_10,9.924069318192648,23
N451_1,O2_6,9.27448758266925,23
N451_1,O1_10,9.27388275093448,23
N495_1,O2_6,9.921673341312145,23
N495_1,O1_10,7.450950160718234,23
N563_1,O2_6,8.654991731362951,23
N563_1,O1_10,7.352393434016576,23
N275_2,O2_11,9.117763923733472,23
N331_2,O1_11,6.598512960008363,23
N331_2,O2_11,6.452845735854185,23
N343_2,O2_11,9.246148318572944,23
N375_2,O1_11,7.54686998778798,23
N387_2,O1_11,6.34600167031497,23
N387_2,O2_11,8.118880541004536,23
N407_2,O1_11,7.496300937662333,23
N451_2,O1_6,7.659957466030146,23
N451_2,O2_6,7.27383828118346,23
N519_2,O1_6,7.549396812676747,23
N519_2,O2_6,8.527813989740226,23
N451_1,O1_10,9.265884595360298,24
N495_1,O1_10,8.176317112444293,24
N563_1,O2_6,9.169967053661404,24
N563_1,O1_10,8.092205704200977,24
N275_2,O1_11,9.231671149344736,24
N275_2,O2_11,8.234309497905592,24
N331_2,O1_11,5.974246605868648,24
N331_2,O2_11,6.141292050279534,24
N343_2,O1_11,9.745366549261917,24
N343_2,O2_11,8.744780354292956,24
N375_2,O1_11,7.259045949832115,24
N387_2,O1_11,5.73422154995098,24
N387_2,O2_11,7.951357670369067,24
N407_2,O1_11,8.41490562760513,24
N451_2,O1_6,8.064967123365,24
N451_2,O2_6,6.641995010951586,24
N519_2,O1_6,7.835244221834064,24
N519_2,O2_6,7.680502356904596,24
N451_1,O1_10,9.898887569438383,25
N495_1,O2_6,9.553496879591812,25
N495_1,O1_10,7.630521893487782,25
N563_1,O2_6,8.283132142560873,25
N563_1,O1_10,7.744282083888983,25
N275_2,O2_11,8.300489437395571,25
N331_2,O1_11,5.791976052942498,25
N331_2,O2_11,5.5413108501291255,25
N343_2,O2_11,9.132944313679822,25
N375_2,O1_11,6.634318954358419,25
N375_2,O2_11,9.918397749685074,25
N387_2,O1_11,6.165681066091825,25
N387_2,O2_11,7.235842660522669,25
N407_2,O1_11,7.99150972023271,25
N451_2,O1_6,7.4662828328061694,25
N451_2,O2_6,6.426812945175335,25
N507_2,O1_6,9.592555678873016,25
N519_2,O1_6,6.619233841903522,25
N519_2,O2_6,7.599685472196478,25
N451_1,O1_10,9.559740044141204,26
N495_1,O1_10,7.961542100388022,26
N563_1,O2_6,8.309909459382462,26
N563_1,O1_10,7.746532001164424,26
N275_2,O1_11,9.515531070476287,26
N275_2,O2_11,8.679731190363118,26
N331_2,O1_11,5.973323430207185,26
N331_2,O2_11,5.922164121088179,26
N343_2,O2_11,8.946115980648912,26
N375_2,O1_11,6.6054039347387725,26
N387_2,O1_11,6.0597106911311736,26
N387_2,O2_11,8.21808015584661,26
N407_2,O1_11,8.041091318103609,26
N451_2,O1_6,7.863716437554531,26
N451_2,O2_6,6.402906808601582,26
N507_2,O2_6,8.93389344844386,26
N519_2,O1_6,7.824110620080679,26
N519_2,O2_6,6.974279097712882,26
N451_1,O1_10,9.356510759204987,27
N495_1,O2_6,9.964678265181863,27
N495_1,O1_10,7.492433849653965,27
N563_1,O2_6,8.478291082098973,27
N563_1,O1_10,7.767287950452261,27
N275_2,O1_11,9.741849166627146,27
N275_2,O2_11,7.835235041830638,27
N331_2,O1_11,5.890826434659918,27
N331_2,O2_11,5.993076434305631,27
N343_2,O2_11,8.557027172347848,27
N375_2,O1_11,8.012100697907726,27
N387_2,O1_11,6.480922151845742,27
N387_2,O2_11,7.461587601618452,27
N407_2,O1_11,9.133281612584048,27
N451_2,O1_6,7.626267034143144,27
N451_2,O2_6,6.685788282952537,27
N507_2,O2_6,8.358841149898218,27
N519_2,O1_6,7.433687851472563,27
N519_2,O2_6,6.801688253615867,27
N451_1,O1_10,9.324015063115462,28
N495_1,O1_10,8.066033056924077,28
N563_1,O2_6,7.517265491375698,28
N563_1,O1_10,7.242094644800519,28
N275_2,O1_11,9.96706296058728,28
N275_2,O2_11,7.800781902712053,28
N331_2,O1_11,6.029960085884447,28
N331_2,O2_11,5.491225170643141,28
N343_2,O2_11,8.399006996136373,28
N375_2,O1_11,7.440579717783439,28
N387_2,O1_11,6.2584307925022005,28
N387_2,O2_11,7.193454549727042,28
N407_2,O1_11,8.131952566929613,28
N451_2,O1_6,7.65389121152657,28
N451_2,O2_6,6.732226656156327,28
N507_2,O1_6,9.695376330606335,28
N507_2,O2_6,8.204488409066169,28
N519_2,O1_6,7.289386705978728,28
N519_2,O2_6,7.12390889176564,28
N563_2,O2_6,9.811771990714563,28
N451_1,O1_10,9.640679041576211,29
N495_1,O1_10,8.25577809906922,29
N563_1,O2_6,8.51625797907894,29
N563_1,O1_10,7.677237280506144,29
N275_2,O1_11,9.790314677391173,29
N275_2,O2_11,7.404749660074933,29
N331_2,O1_11,6.6446137832493575,29
N331_2,O2_11,5.926674330636922,29
N343_2,O2_11,8.149129056959369,29
N375_2,O1_11,7.75228950326828,29
N387_2,O1_11,6.539241280868253,29
N387_2,O2_11,7.043427222778036,29
N407_2,O1_11,9.186504626728361,29
N451_2,O1_6,8.600794306598784,29
N451_2,O2_6,7.034062297647833,29
N507_2,O2_6,9.155493493748924,29
N519_2,O1_6,8.235834876629028,29
N519_2,O2_6,7.564991220198504,29
N451_1,O1_10,9.56622413944276,30
N495_1,O2_6,9.484754790539998,30
N495_1,O1_10,7.621404982077636,30
N563_1,O2_6,7.5927253933504275,30
N563_1,O1_10,7.575156824078289,30
N199_2,O2_11,9.867029040877842,30
N275_2,O1_11,9.874314696727541,30
N275_2,O2_11,7.678397581623507,30
N331_2,O1_11,6.321593149361102,30
N331_2,O2_11,5.836239181596052,30
N343_2,O2_11,8.536749130096874,30
N375_2,O1_11,7.59093451932824,30
N387_2,O1_11,6.3768308969803345,30
N387_2,O2_11,7.27806262245385,30
N407_2,O1_11,8.622149377932736,30
N451_2,O1_6,7.9374755672795345,30
N451_2,O2_6,6.7339563590602,30
N507_2,O1_6,9.951456438017667,30
N507_2,O2_6,8.811746591600894,30
N519_2,O1_6,7.814187020030897,30
N519_2,O2_6,7.727727190744623,30
N451_1,O1_10,9.615372135512645,31
N495_1,O1_10,7.942555105641968,31
N563_1,O2_6,8.897387333669537,31
N563_1,O1_10,7.8225968732195525,31
N275_2,O1_11,9.56324027551298,31
N275_2,O2_11,7.938615174390704,31
N331_2,O1_11,5.941496532862412,31
N331_2,O2_11,6.056169069162729,31
N343_2,O2_11,8.793885167763559,31
N375_2,O1_11,7.890882805148567,31
N387_2,O1_11,6.234732708965144,31
N387_2,O2_11,7.474290075922086,31
N407_2,O1_11,8.94097261473415,31
N451_2,O1_6,8.156815398960196,31
N451_2,O2_6,6.425529811269127,31
N507_2,O2_6,7.877801940997316,31
N519_2,O1_6,8.182457762818625,31
N519_2,O2_6,6.88697431025424,31
N451_1,O1_10,8.785800840805273,32
N495_1,O1_10,7.379341580349432,32
N563_1,O2_6,8.74137346327302,32
N563_1,O1_10,7.387039953066689,32
N199_2,O2_11,9.910129062963891,32
N275_2,O2_11,8.30282324029766,32
N331_2,O1_11,6.639834641340326,32
N331_2,O2_11,6.766535808365069,32
N343_2,O2_11,9.48055852944101,32
N375_2,O1_11,7.810617464803747,32
N387_2,O1_11,6.965454411529677,32
N387_2,O2_11,7.743630429490335,32
N407_2,O1_11,9.47042555603511,32
N451_2,O1_6,8.382324808542407,32
N451_2,O2_6,5.79265679016405,32
N451_2,O1_10,9.98408082667356,32
N507_2,O2_6,7.9219806933509025,32
N519_2,O1_6,8.458708669319721,32
N519_2,O2_6,6.850410644061554,32
N451_1,O1_10,9.525642631757684,33
N495_1,O1_10,8.213909015784747,33
N563_1,O2_6,8.92142024364422,33
N563_1,O1_10,8.028268044655652,33
N275_2,O1_11,9.777038256784488,33
N275_2,O2_11,8.05547644391343,33
N331_2,O1_11,6.403453538925245,33
N331_2,O2_11,6.209248708883211,33
N343_2,O2_11,8.819435839780525,33
N375_2,O1_11,6.949220436046758,33
N387_2,O1_11,6.0925004265322835,33
N387_2,O2_11,7.493527967216951,33
N407_2,O1_11,8.29644423940861,33
N451_2,O1_6,8.983346932143315,33
N451_2,O2_6,6.761999075898844,33
N451_2,O1_10,9.813065005966532,33
N507_2,O2_6,8.9856902979482,33
N519_2,O1_6,8.837513529685511,33
N519_2,O2_6,7.100535045080118,33
N451_1,O1_10,9.536412289696305,34
N495_1,O1_10,7.569398808591324,34
N563_1,O2_6,8.046148011607823,34
N563_1,O1_10,7.539194443752628,34
N275_2,O2_11,8.730207744941298,34
N331_2,O1_11,6.755467859383439,34
N331_2,O2_11,6.790601126093881,34
N343_2,O2_11,9.507736888689168,34
N375_2,O1_11,7.407343553288515,34
N387_2,O1_11,6.267256167597161,34
N387_2,O2_11,7.825491707648109,34
N407_2,O1_11,8.960117802834551,34
N451_2,O1_6,8.750037112875598,34
N451_2,O2_6,7.206940250870971,34
N507_2,O2_6,8.140222657519253,34
N519_2,O1_6,8.573726861475263,34
N519_2,O2_6,7.237172701214843,34
N451_1,O1_10,9.765289825102059,35
N495_1,O1_10,7.84345715057781,35
N563_1,O2_6,8.309507968346967,35
N563_1,O1_10,7.396617422709253,35
N275_2,O2_11,8.984915396422123,35
N331_2,O1_11,6.249350580641902,35
N331_2,O2_11,6.704258848474098,35
N343_2,O2_11,9.803699297756017,35
N375_2,O1_11,7.6170890540748974,35
N387_2,O1_11,6.755508691414346,35
N387_2,O2_11,8.185908792955365,35
N407_2,O1_11,8.875421562619863,35
N451_2,O1_6,8.691741224117283,35
N451_2,O2_6,6.814244905832807,35
N451_2,O1_10,9.804152121096154,35
N507_2,O1_6,9.544031133390666,35
N507_2,O2_6,7.470125076499366,35
N519_2,O1_6,8.423408355012958,35
N519_2,O2_6,7.425489213780355,35
N451_1,O1_10,9.065165636254918,36
N495_1,O1_10,7.441670211330184,36
N563_1,O2_6,8.610087320926619,36
N563_1,O1_10,7.532738069664101,36
N275_2,O1_11,9.503544519600963,36
N275_2,O2_11,7.686650030816574,36
N331_2,O1_11,6.113186065941196,36
N331_2,O2_11,5.903874646928881,36
N343_2,O1_11,9.96435101870838,36
N343_2,O2_11,8.059425068721106,36
N375_2,O1_11,7.846621443778312,36
N387_2,O1_11,6.3435866981546125,36
N387_2,O2_11,8.08241875579092,36
N407_2,O1_11,9.316165938511453,36
N451_2,O1_6,8.388581609616095,36
N451_2,O2_6,6.739402823800318,36
N451_2,O1_10,9.681281943497305,36
N507_2,O2_6,7.788668548655739,36
N519_2,O1_6,7.936079643438229,36
N519_2,O2_6,6.544549802274148,36
N451_1,O1_10,9.012526806070806,37
N495_1,O1_10,7.3652967891818255,37
N563_1,O2_6,8.19745876082817,37
N563_1,O1_10,7.048374978915883,37
N275_2,O1_11,9.874888767867764,37
N275_2,O2_11,8.14872649582589,37
N331_2,O1_11,6.2566054559565565,37
N331_2,O2_11,6.108022429124393,37
N343_2,O2_11,8.472722060439857,37
N375_2,O1_11,8.26697277191184,37
N387_2,O1_11,6.802936365239382,37
N387_2,O2_11,8.564997353459638,37
N407_2,O1_11,9.121966689447271,37
N451_2,O1_6,8.258750096668196,37
N451_2,O2_6,6.790630100807134,37
N451_2,O1_10,9.75457416701782,37
N507_2,O2_6,8.023121408530521,37
N519_2,O1_6,8.287794446598875,37
N519_2,O2_6,7.083282724401318,37
N451_1,O1_10,9.752777797921782,38
N495_1,O1_10,7.805106956719897,38
N563_1,O2_6,8.436547161176117,38
N563_1,O1_10,7.618491782815995,38
N275_2,O1_11,9.910748015398053,38
N275_2,O2_11,8.30048562146651,38
N331_2,O1_11,6.791302371620827,38
N331_2,O2_11,6.511386914612515,38
N343_2,O2_11,8.407028101318742,38
N375_2,O1_11,7.496208258753761,38
N387_2,O1_11,6.2999255882631005,38
N387_2,O2_11,7.904610164789746,38
N407_2,O1_11,8.98951904146325,38
N451_2,O1_6,8.490804924337175,38
N451_2,O2_6,6.956996756425649,38
N507_2,O2_6,7.685428194219871,38
N519_2,O1_6,8.416184339893581,38
N519_2,O2_6,7.3215477219366925,38
N495_1,O1_10,7.8096920574025015,39
N563_1,O2_6,8.673718437936824,39
N563_1,O1_10,7.2997658110745265,39
N275_2,O2_11,7.992808824068718,39
N331_2,O1_11,6.113213239454748,39
N331_2,O2_11,6.1036102537592,39
N343_2,O2_11,8.443831820973086,39
N375_2,O1_11,8.394155861708049,39
N387_2,O1_11,6.998561734659646,39
N387_2,O2_11,8.026896095909466,39
N407_2,O1_11,8.419199989807689,39
N451_2,O1_6,8.466342559729357,39
N451_2,O2_6,6.988484714048184,39
N451_2,O1_10,9.85735778895575,39
N507_2,O2_6,7.358761619677916,39
N519_2,O1_6,8.546043380944703,39
N519_2,O2_6,6.665568684713371,39
N451_1,O1_10,9.11714784937235,40
N495_1,O1_10,7.614621795010493,40
N563_1,O2_6,8.784738390305513,40
N563_1,O1_10,6.9950905224781454,40
N275_2,O1_11,9.399114850963837,40
N275_2,O2_11,9.687882750734458,40
N331_2,O1_11,5.765760354633656,40
N331_2,O2_11,6.349673494957558,40
N343_2,O1_11,9.452845246769197,40
N343_2,O2_11,8.707012050236665,40
N375_2,O1_11,8.973678422425722,40
N387_2,O1_11,7.201567883910635,40
N407_2,O1_11,8.863337720083985,40
N451_2,O1_6,8.481586459629872,40
N451_2,O2_6,6.75037602943317,40
N451_2,O1_10,9.860382215054871,40
N507_2,O1_6,9.841575854484015,40
N507_2,O2_6,7.447632608685926,40
N519_2,O1_6,8.177345971201316,40
N519_2,O2_6,6.726251841504605,40
N451_1,O1_10,9.482083991292829,41
N495_1,O2_6,8.88596261878566,41
N495_1,O1_10,7.087877730250633,41
N551_1,O2_6,9.350045320720147,41
N563_1,O2_6,7.091556664616668,41
N563_1,O1_10,7.4413766582113405,41
N275_2,O1_11,9.882052038441316,41
N275_2,O2_11,8.71929568176343,41
N331_2,O1_11,6.499878151884866,41
N331_2,O2_11,6.41198667753261,41
N343_2,O2_11,8.966348959194422,41
N375_2,O1_11,8.358861868289216,41
N387_2,O1_11,6.896020449113425,41
N387_2,O2_11,9.026694768226632,41
N407_2,O1_11,9.122541547569352,41
N451_2,O1_6,8.315143491975771,41
N451_2,O2_6,7.29915087087503,41
N507_2,O1_6,9.810217332739725,41
N507_2,O2_6,8.483026192509746,41
N519_2,O1_6,7.8636758481916615,41
N519_2,O2_6,7.5770384372104,41
N563_2,O2_6,9.847707253111825,41
N451_1,O1_10,9.376612562270857,42
N495_1,O1_10,7.788905959151426,42
N563_1,O2_6,8.87613964977703,42
N563_1,O1_10,7.661073992711263,42
N275_2,O2_11,7.972664456234671,42
N331_2,O1_11,5.993000441760626,42
N331_2,O2_11,5.478136389835782,42
N343_2,O2_11,8.170548742929602,42
N375_2,O1_11,8.392507115155725,42
N387_2,O1_11,6.400828668328698,42
N387_2,O2_11,7.957825749729823,42
N407_2,O1_11,8.331349243526132,42
N451_2,O1_6,8.026525346552093,42
N451_2,O2_6,5.7912289896783005,42
N451_2,O1_10,9.794007503928388,42
N507_2,O2_6,7.419876889479078,42
N519_2,O1_6,8.018914013384666,42
N519_2,O2_6,6.298526003546397,42
N563_2,O2_6,9.869133225127356,42
N451_1,O1_10,8.908981825996463,43
N495_1,O2_6,9.883247983884036,43
N495_1,O1_10,7.7353782498368995,43
N563_1,O2_6,7.8696464013694305,43
N563_1,O1_10,7.436067299727149,43
N275_2,O1_11,9.245786507699755,43
N275_2,O2_11,8.694653333058744,43
N331_2,O1_11,6.156198901927765,43
N331_2,O2_11,6.359679218396911,43
N343_2,O2_11,9.062996749546809,43
N375_2,O1_11,8.524680978662529,43
N387_2,O1_11,6.766792014135757,43
N387_2,O2_11,9.237704596187058,43
N407_2,O1_11,9.563876439626675,43
N451_2,O1_6,8.326436210310414,43
N451_2,O2_6,7.611113071066778,43
N451_2,O1_10,9.406637749801838,43
N507_2,O1_6,9.711836282011033,43
N507_2,O2_6,7.911683201001876,43
N519_2,O1_6,8.183046207482487,43
N519_2,O2_6,7.886537041828809,43
N451_1,O1_10,9.139417524346985,44
N495_1,O1_10,7.188185869753292,44
N495_1,O2_10,9.417757762642722,44
N563_1,O2_6,8.54232517575203,44
N563_1,O1_10,6.781417732473788,44
N275_2,O1_11,9.886047144071068,44
N275_2,O2_11,8.302092244185673,44
N331_2,O1_11,6.217123966863052,44
N331_2,O2_11,6.018843625792518,44
N343_2,O2_11,8.57110433664524,44
N375_2,O1_11,8.557879764338225,44
N387_2,O1_11,6.953529780734773,44
N387_2,O2_11,8.687330895163916,44
N407_2,O1_11,9.059077165220007,44
N451_2,O1_6,7.538587397962108,44
N451_2,O2_6,6.290507534080936,44
N451_2,O1_10,8.888820899794446,44
N507_2,O1_6,9.428674383031785,44
N507_2,O2_6,7.424805834440505,44
N519_2,O1_6,7.313653693812766,44
N519_2,O2_6,6.73647760679615,44
N563_2,O2_6,9.941175110872267,44
N495_1,O1_10,7.806253059940717,45
N495_1,O2_10,9.906602596275608,45
N563_1,O2_6,8.626880270420527,45
N563_1,O1_10,7.802458707374755,45
N199_2,O2_11,9.833107766885902,45
N275_2,O1_11,9.922377903994134,45
N275_2,O2_11,7.508811331844679,45
N331_2,O1_11,6.262837039039456,45
N331_2,O2_11,6.2327845900676015,45
N343_2,O2_11,8.574797565298745,45
N375_2,O1_11,8.202677641991462,45
N387_2,O1_11,6.879649462281002,45
N387_2,O2_11,7.50086126271559,45
N407_2,O1_11,8.856980139774707,45
N451_2,O1_6,9.047317957203768,45
N451_2,O2_6,7.634512338101489,45
N451_2,O1_10,9.66313788260971,45
N507_2,O2_6,7.840743059817545,45
N519_2,O1_6,8.39488541850509,45
N519_2,O2_6,7.0907426353115675,45
N451_1,O1_10,9.470656909446687,46
N495_1,O1_10,7.274573586701414,46
N563_1,O2_6,9.058801208076535,46
N563_1,O1_10,7.540516050255396,46
N275_2,O1_11,9.833717937324263,46
N275_2,O2_11,8.462195984631563,46
N331_2,O1_11,6.050467517452186,46
N331_2,O2_11,5.991661767581322,46
N343_2,O2_11,8.701808143633517,46
N375_2,O1_11,8.213043700536888,46
N387_2,O1_11,6.6011989372513,46
N387_2,O2_11,8.589153959492526,46
N407_2,O1_11,8.855070552390385,46
N451_2,O1_6,9.2941574914387,46
N451_2,O2_6,7.778290819632751,46
N451_2,O1_10,9.599411016602014,46
N507_2,O2_6,7.882270661304268,46
N519_2,O1_6,8.528957800934338,46
N519_2,O2_6,7.114181739127985,46
N451_1,O1_10,9.75092636956066,47
N495_1,O1_10,7.744651571896008,47
N563_1,O2_6,9.527755366242904,47
N563_1,O1_10,7.847624835175084,47
N275_2,O1_11,9.800123478241852,47
N275_2,O2_11,8.425669108461168,47
N331_2,O1_11,6.35409808320277,47
N331_2,O2_11,6.32271288220978,47
N343_2,O2_11,8.70946002529102,47
N375_2,O1_11,8.392038499306123,47
N387_2,O1_11,7.023833875333551,47
N387_2,O2_11,8.915149367447269,47
N407_2,O1_11,9.115136966996875,47
N451_2,O1_6,9.330516395922734,47
N451_2,O2_6,7.306998726911218,47
N451_2,O1_10,8.86256951286863,47
N507_2,O2_6,8.051300774414916,47
N519_2,O1_6,8.097958538277418,47
N519_2,O2_6,6.662690102810457,47
N451_1,O1_10,9.858933155650126,48
N495_1,O1_10,8.193278596062333,48
N563_1,O2_6,9.556228338584592,48
N563_1,O1_10,7.877578886375067,48
N275_2,O1_11,9.287347299159974,48
N275_2,O2_11,8.985855831928903,48
N331_2,O1_11,5.98714827925628,48
N331_2,O2_11,6.144612538477795,48
N343_2,O1_11,9.821592852146741,48
N343_2,O2_11,8.66048165748633,48
N375_2,O1_11,8.598016124969675,48
N387_2,O1_11,6.887214984671259,48
N387_2,O2_11,9.563355561802576,48
N407_2,O1_11,8.753616735822103,48
N451_2,O1_6,9.01001227311417,48
N451_2,O2_6,7.77978589093903,48
N451_2,O1_10,8.98778106534856,48
N507_2,O2_6,7.821569056102717,48
N519_2,O1_6,8.615419084295713,48
N519_2,O2_6,7.320221291379445,48
N451_1,O1_10,9.035102465381872,49
N495_1,O1_10,7.953965880909017,49
N563_1,O2_6,8.864857922506204,49
N563_1,O1_10,7.733974518972632,49
N275_2,O1_11,9.708942114903877,49
N275_2,O2_11,8.41912220330992,49
N331_2,O1_11,5.959552287084183,49
N331_2,O2_11,6.015635122659312,49
N343_2,O1_11,9.953553257444854,49
N343_2,O2_11,8.330443720714706,49
N375_2,O1_11,8.917976256811901,49
N387_2,O1_11,6.806396643044919,49
N387_2,O2_11,8.810136117213517,49
N407_2,O1_11,8.679518161959308,49
N451_2,O1_6,9.51514473404984,49
N451_2,O2_6,7.373088645197256,49
N451_2,O1_10,9.41162751359639,49
N507_2,O2_6,8.753953043239719,49
N519_2,O1_6,8.520803732444683,49
N519_2,O2_6,6.949094216995787,49
N451_1,O1_10,9.785478317153071,50
N495_1,O1_10,8.702475752370868,50
N563_1,O2_6,9.802851283125136,50
N563_1,O1_10,8.565298506544329,50
N275_2,O1_11,9.71921612677044,50
N275_2,O2_11,8.307060827766026,50
N331_2,O1_11,6.557526147442889,50
N331_2,O2_11,6.0985514769700675,50
N343_2,O2_11,8.235647392443193,50
N375_2,O1_11,8.222510748748943,50
N387_2,O1_11,6.644690784170735,50
N387_2,O2_11,8.7114643026698,50
N407_2,O1_11,8.600322129288397,50
N451_2,O1_6,9.337614517687314,50
N451_2,O2_6,7.334493585982836,50
N451_2,O1_10,8.528627544386167,50
N507_2,O2_6,7.388084156538069,50
N519_2,O1_6,8.290613897153294,50
N519_2,O2_6,6.2888012242094025,50
N519_2,O1_10,9.659063712529788,50
