Time,Edge_idx,Node1,Node2,Edge_Dist,Edge_Type
0,0,n_N11_1,n_N23_1,9.26,1
0,1,n_N11_1,n_N35_1,9.85,1
0,2,n_N11_1,n_N55_1,3.48,1
0,3,n_N11_1,n_N67_1,8.46,1
0,4,n_N11_1,n_N79_1,5.3,1
0,5,n_N11_1,n_N99_1,9.35,1
0,6,n_N11_1,n_N123_1,7.0,1
0,7,n_N11_1,n_N143_1,9.75,1
0,8,n_N23_1,n_N35_1,5.87,1
0,9,n_N23_1,n_N55_1,8.94,1
0,10,n_N23_1,n_N67_1,9.08,1
0,11,n_N23_1,n_N79_1,8.55,1
0,12,n_N23_1,n_N99_1,5.86,1
0,13,n_N23_1,n_N167_1,9.46,1
0,14,n_N55_1,n_N67_1,9.48,1
0,15,n_N55_1,n_N79_1,7.82,1
0,16,n_N55_1,n_N99_1,7.11,1
0,17,n_N55_1,n_N111_1,9.79,1
0,18,n_N55_1,n_N123_1,5.12,1
0,19,n_N55_1,n_N143_1,9.49,1
0,20,n_N67_1,n_N79_1,4.81,1
0,21,n_N67_1,n_N99_1,9.45,1
0,22,n_N67_1,n_N111_1,8.4,1
0,23,n_N67_1,n_N123_1,7.53,1
0,24,n_N67_1,n_N143_1,4.41,1
0,25,n_N67_1,n_N167_1,9.95,1
0,26,n_N67_1,n_N211_1,7.38,1
0,27,n_N79_1,n_N123_1,8.69,1
0,28,n_N79_1,n_N143_1,8.24,1
0,29,n_N99_1,n_N111_1,7.96,1
0,30,n_N99_1,n_N123_1,6.36,1
0,31,n_N99_1,n_N143_1,8.99,1
0,32,n_N99_1,n_N167_1,6.32,1
0,33,n_N111_1,n_N123_1,4.75,1
0,34,n_N111_1,n_N143_1,4.41,1
0,35,n_N111_1,n_N155_1,9.66,1
0,36,n_N111_1,n_N167_1,7.14,1
0,37,n_N111_1,n_N187_1,4.39,1
0,38,n_N111_1,n_N211_1,9.22,1
0,39,n_N111_1,n_N255_1,7.02,1
0,40,n_N123_1,n_N143_1,5.36,1
0,41,n_N123_1,n_N167_1,9.27,1
0,42,n_N123_1,n_N187_1,9.1,1
0,43,n_N143_1,n_N167_1,8.55,1
0,44,n_N143_1,n_N187_1,7.43,1
0,45,n_N143_1,n_N211_1,6.72,1
0,46,n_N143_1,n_N255_1,8.61,1
0,47,n_N155_1,n_N167_1,3.85,1
0,48,n_N155_1,n_N187_1,9.22,1
0,49,n_N155_1,n_N199_1,9.09,1
0,50,n_N155_1,n_N211_1,8.96,1
0,51,n_N155_1,n_N231_1,4.8,1
0,52,n_N167_1,n_N187_1,8.19,1
0,53,n_N167_1,n_N211_1,9.69,1
0,54,n_N167_1,n_N231_1,8.04,1
0,55,n_N187_1,n_N199_1,9.34,1
0,56,n_N187_1,n_N211_1,9.24,1
0,57,n_N187_1,n_N231_1,9.69,1
0,58,n_N187_1,n_N243_1,6.71,1
0,59,n_N187_1,n_N255_1,3.52,1
0,60,n_N187_1,n_N299_1,8.22,1
0,61,n_N199_1,n_N211_1,6.51,1
0,62,n_N199_1,n_N231_1,7.12,1
0,63,n_N199_1,n_N243_1,9.47,1
0,64,n_N199_1,n_N255_1,7.91,1
0,65,n_N199_1,n_N275_1,5.93,1
0,66,n_N199_1,n_N343_1,9.11,1
0,67,n_N199_1,n_N255_2,9.12,2
0,68,n_N211_1,n_N255_1,8.8,1
0,69,n_N231_1,n_N275_1,8.42,1
0,70,n_N231_1,n_N299_1,8.02,1
0,71,n_N231_1,n_N343_1,8.58,1
0,72,n_N243_1,n_N255_1,5.53,1
0,73,n_N243_1,n_N275_1,9.14,1
0,74,n_N243_1,n_N287_1,6.77,1
0,75,n_N243_1,n_N299_1,5.35,1
0,76,n_N243_1,n_N319_1,5.55,1
0,77,n_N243_1,n_N387_1,9.66,1
0,78,n_N255_1,n_N299_1,9.13,1
0,79,n_N275_1,n_N287_1,9.45,1
0,80,n_N275_1,n_N319_1,9.68,1
0,81,n_N275_1,n_N331_1,5.9,1
0,82,n_N275_1,n_N343_1,3.89,1
0,83,n_N275_1,n_N387_1,8.44,1
0,84,n_N275_1,n_N407_1,9.94,1
0,85,n_N287_1,n_N299_1,4.86,1
0,86,n_N287_1,n_N319_1,6.22,1
0,87,n_N287_1,n_N343_1,7.7,1
0,88,n_N287_1,n_N363_1,5.98,1
0,89,n_N287_1,n_N431_1,9.17,1
0,90,n_N299_1,n_N319_1,8.62,1
0,91,n_N299_1,n_N343_1,9.6,1
0,92,n_N319_1,n_N343_1,9.95,1
0,93,n_N319_1,n_N363_1,7.09,1
0,94,n_N319_1,n_N375_1,9.65,1
0,95,n_N319_1,n_N387_1,5.79,1
0,96,n_N319_1,n_N431_1,7.99,1
0,97,n_N331_1,n_N343_1,4.89,1
0,98,n_N331_1,n_N375_1,7.13,1
0,99,n_N331_1,n_N387_1,7.22,1
0,100,n_N331_1,n_N407_1,4.09,1
0,101,n_N331_1,n_N451_1,9.23,1
0,102,n_N331_1,n_N519_1,9.72,1
0,103,n_N343_1,n_N387_1,9.54,1
0,104,n_N343_1,n_N407_1,8.22,1
0,105,n_N363_1,n_N375_1,9.35,1
0,106,n_N363_1,n_N387_1,9.55,1
0,107,n_N363_1,n_N407_1,9.57,1
0,108,n_N363_1,n_N419_1,6.52,1
0,109,n_N363_1,n_N431_1,3.55,1
0,110,n_N363_1,n_N451_1,8.17,1
0,111,n_N363_1,n_N475_1,7.73,1
0,112,n_N375_1,n_N387_1,5.53,1
0,113,n_N375_1,n_N407_1,5.54,1
0,114,n_N375_1,n_N431_1,8.05,1
0,115,n_N375_1,n_N451_1,4.37,1
0,116,n_N375_1,n_N375_2,8.9,2
0,117,n_N375_1,n_N387_2,9.06,2
0,118,n_N387_1,n_N407_1,8.61,1
0,119,n_N387_1,n_N431_1,9.34,1
0,120,n_N387_1,n_N451_1,9.16,1
0,121,n_N387_1,n_N387_2,8.88,2
0,122,n_N407_1,n_N419_1,9.99,1
0,123,n_N407_1,n_N431_1,9.92,1
0,124,n_N407_1,n_N451_1,6.06,1
0,125,n_N407_1,n_N463_1,9.73,1
0,126,n_N407_1,n_N475_1,8.44,1
0,127,n_N407_1,n_N507_1,9.74,1
0,128,n_N407_1,n_N519_1,6.31,1
0,129,n_N419_1,n_N431_1,5.51,1
0,130,n_N419_1,n_N451_1,6.41,1
0,131,n_N419_1,n_N463_1,9.49,1
0,132,n_N419_1,n_N475_1,6.32,1
0,133,n_N419_1,n_N495_1,6.32,1
0,134,n_N419_1,n_N563_1,9.52,1
0,135,n_N431_1,n_N451_1,6.33,1
0,136,n_N431_1,n_N475_1,9.34,1
0,137,n_N451_1,n_N475_1,9.19,1
0,138,n_N451_1,n_N495_1,8.0,1
0,139,n_N451_1,n_N519_1,8.92,1
0,140,n_N451_1,n_N563_1,8.79,1
0,141,n_N451_1,os_O1_10,9.24,0
0,142,n_N463_1,n_N475_1,5.72,1
0,143,n_N463_1,n_N495_1,9.49,1
0,144,n_N463_1,n_N507_1,9.29,1
0,145,n_N463_1,n_N519_1,6.08,1
0,146,n_N463_1,n_N539_1,5.74,1
0,147,n_N475_1,n_N519_1,8.96,1
0,148,n_N495_1,n_N539_1,9.75,1
0,149,n_N495_1,n_N551_1,7.99,1
0,150,n_N495_1,n_N563_1,3.8,1
0,151,n_N495_1,n_N607_1,8.48,1
0,152,n_N495_1,os_O1_10,6.74,0
0,153,n_N507_1,n_N519_1,4.77,1
0,154,n_N507_1,n_N539_1,4.55,1
0,155,n_N507_1,n_N551_1,9.67,1
0,156,n_N507_1,n_N563_1,7.89,1
0,157,n_N507_1,n_N583_1,7.68,1
0,158,n_N507_1,n_N563_2,9.06,2
0,159,n_N519_1,n_N539_1,4.62,1
0,160,n_N519_1,n_N563_1,9.59,1
0,161,n_N539_1,n_N551_1,9.51,1
0,162,n_N539_1,n_N563_1,8.37,1
0,163,n_N539_1,n_N583_1,5.97,1
0,164,n_N551_1,n_N563_1,5.33,1
0,165,n_N551_1,n_N583_1,8.92,1
0,166,n_N551_1,n_N595_1,6.84,1
0,167,n_N551_1,n_N607_1,4.94,1
0,168,n_N551_1,n_N627_1,6.9,1
0,169,n_N551_1,n_N671_1,9.24,1
0,170,n_N551_1,n_N739_1,9.32,1
0,171,n_N563_1,n_N607_1,7.95,1
0,172,n_N563_1,o_O2_6,9.79,0
0,173,n_N563_1,os_O1_10,6.54,0
0,174,n_N583_1,n_N595_1,9.95,1
0,175,n_N583_1,n_N627_1,7.84,1
0,176,n_N583_1,n_N639_1,9.88,1
0,177,n_N583_1,n_N651_1,5.76,1
0,178,n_N583_1,n_N695_1,8.56,1
0,179,n_N595_1,n_N607_1,4.65,1
0,180,n_N595_1,n_N627_1,8.59,1
0,181,n_N595_1,n_N639_1,7.46,1
0,182,n_N595_1,n_N651_1,7.74,1
0,183,n_N595_1,n_N671_1,4.11,1
0,184,n_N595_1,n_N715_1,9.87,1
0,185,n_N595_1,n_N739_1,7.68,1
0,186,n_N607_1,n_N651_1,9.63,1
0,187,n_N607_1,n_N671_1,8.25,1
0,188,n_N627_1,n_N639_1,9.21,1
0,189,n_N627_1,n_N651_1,10.0,1
0,190,n_N627_1,n_N671_1,8.93,1
0,191,n_N627_1,n_N683_1,6.99,1
0,192,n_N627_1,n_N695_1,4.63,1
0,193,n_N627_1,n_N715_1,8.46,1
0,194,n_N627_1,n_N739_1,8.35,1
0,195,n_N627_1,n_N759_1,8.79,1
0,196,n_N627_1,n_N627_2,8.91,2
0,197,n_N639_1,n_N651_1,6.14,1
0,198,n_N639_1,n_N671_1,7.22,1
0,199,n_N639_1,n_N683_1,8.93,1
0,200,n_N639_1,n_N695_1,7.02,1
0,201,n_N639_1,n_N715_1,4.7,1
0,202,n_N651_1,n_N695_1,9.35,1
0,203,n_N671_1,n_N683_1,9.06,1
0,204,n_N671_1,n_N695_1,9.89,1
0,205,n_N671_1,n_N715_1,7.93,1
0,206,n_N671_1,n_N727_1,7.29,1
0,207,n_N671_1,n_N739_1,4.8,1
0,208,n_N671_1,n_N759_1,7.95,1
0,209,n_N671_1,n_N783_1,7.63,1
0,210,n_N683_1,n_N695_1,5.36,1
0,211,n_N683_1,n_N715_1,4.89,1
0,212,n_N683_1,n_N727_1,8.85,1
0,213,n_N683_1,n_N739_1,7.74,1
0,214,n_N683_1,n_N759_1,3.43,1
0,215,n_N683_1,n_N695_2,8.51,2
0,216,n_N683_1,n_N739_2,7.02,2
0,217,n_N695_1,n_N715_1,5.35,1
0,218,n_N695_1,n_N759_1,8.35,1
0,219,n_N695_1,n_N739_2,9.76,2
0,220,n_N715_1,n_N727_1,9.87,1
0,221,n_N715_1,n_N739_1,9.33,1
0,222,n_N715_1,n_N759_1,6.48,1
0,223,n_N715_1,n_N783_1,9.3,1
0,224,n_N727_1,n_N739_1,5.42,1
0,225,n_N727_1,n_N759_1,5.6,1
0,226,n_N727_1,n_N771_1,7.11,1
0,227,n_N727_1,n_N783_1,5.84,1
0,228,n_N739_1,n_N759_1,5.68,1
0,229,n_N739_1,n_N783_1,9.3,1
0,230,n_N759_1,n_N771_1,9.92,1
0,231,n_N759_1,n_N783_1,8.99,1
0,232,n_N759_1,n_N695_2,7.77,2
0,233,n_N759_1,n_N739_2,8.91,2
0,234,n_N771_1,n_N783_1,3.86,1
0,235,n_N11_2,n_N23_2,9.37,1
0,236,n_N11_2,n_N35_2,9.64,1
0,237,n_N11_2,n_N55_2,8.15,1
0,238,n_N11_2,n_N67_2,9.03,1
0,239,n_N11_2,n_N79_2,5.6,1
0,240,n_N11_2,n_N99_2,8.89,1
0,241,n_N11_2,n_N123_2,6.82,1
0,242,n_N23_2,n_N35_2,6.24,1
0,243,n_N23_2,n_N55_2,6.3,1
0,244,n_N23_2,n_N67_2,8.23,1
0,245,n_N23_2,n_N79_2,7.8,1
0,246,n_N23_2,n_N99_2,5.22,1
0,247,n_N23_2,n_N123_2,8.41,1
0,248,n_N23_2,n_N143_2,8.29,1
0,249,n_N23_2,n_N167_2,7.16,1
0,250,n_N35_2,n_N55_2,8.95,1
0,251,n_N35_2,n_N79_2,9.54,1
0,252,n_N55_2,n_N99_2,9.09,1
0,253,n_N55_2,n_N111_2,7.77,1
0,254,n_N55_2,n_N123_2,4.44,1
0,255,n_N55_2,n_N167_2,9.27,1
0,256,n_N67_2,n_N79_2,6.0,1
0,257,n_N67_2,n_N99_2,3.65,1
0,258,n_N67_2,n_N111_2,8.48,1
0,259,n_N67_2,n_N123_2,7.73,1
0,260,n_N67_2,n_N143_2,4.13,1
0,261,n_N67_2,n_N167_2,9.26,1
0,262,n_N79_2,n_N99_2,5.06,1
0,263,n_N79_2,n_N123_2,9.11,1
0,264,n_N79_2,n_N143_2,8.92,1
0,265,n_N99_2,n_N123_2,8.48,1
0,266,n_N99_2,n_N143_2,4.4,1
0,267,n_N99_2,n_N167_2,8.07,1
0,268,n_N111_2,n_N123_2,5.42,1
0,269,n_N111_2,n_N143_2,9.36,1
0,270,n_N111_2,n_N155_2,9.22,1
0,271,n_N111_2,n_N167_2,8.33,1
0,272,n_N111_2,n_N187_2,4.69,1
0,273,n_N111_2,n_N231_2,8.44,1
0,274,n_N111_2,n_N255_2,9.63,1
0,275,n_N143_2,n_N155_2,8.2,1
0,276,n_N143_2,n_N167_2,6.87,1
0,277,n_N143_2,n_N211_2,7.23,1
0,278,n_N155_2,n_N167_2,3.66,1
0,279,n_N155_2,n_N187_2,7.62,1
0,280,n_N155_2,n_N211_2,7.11,1
0,281,n_N155_2,n_N231_2,5.01,1
0,282,n_N167_2,n_N187_2,8.63,1
0,283,n_N167_2,n_N211_2,9.12,1
0,284,n_N167_2,n_N231_2,7.87,1
0,285,n_N187_2,n_N211_2,9.88,1
0,286,n_N187_2,n_N231_2,4.85,1
0,287,n_N187_2,n_N255_2,8.45,1
0,288,n_N187_2,n_N299_2,7.97,1
0,289,n_N199_2,n_N211_2,4.16,1
0,290,n_N199_2,n_N231_2,7.58,1
0,291,n_N199_2,n_N243_2,7.93,1
0,292,n_N199_2,n_N255_2,6.79,1
0,293,n_N199_2,n_N275_2,3.88,1
0,294,n_N199_2,n_N299_2,9.98,1
0,295,n_N199_2,n_N319_2,7.72,1
0,296,n_N199_2,n_N343_2,8.68,1
0,297,n_N199_2,n_N387_2,8.74,1
0,298,n_N211_2,n_N231_2,6.56,1
0,299,n_N211_2,n_N255_2,9.37,1
0,300,n_N211_2,n_N275_2,5.73,1
0,301,n_N211_2,n_N343_2,8.97,1
0,302,n_N231_2,n_N255_2,9.05,1
0,303,n_N231_2,n_N275_2,7.25,1
0,304,n_N231_2,n_N299_2,6.23,1
0,305,n_N231_2,n_N319_2,9.56,1
0,306,n_N231_2,n_N343_2,7.47,1
0,307,n_N243_2,n_N255_2,4.8,1
0,308,n_N243_2,n_N275_2,8.73,1
0,309,n_N243_2,n_N287_2,9.4,1
0,310,n_N243_2,n_N299_2,8.48,1
0,311,n_N243_2,n_N319_2,3.38,1
0,312,n_N255_2,n_N275_2,9.3,1
0,313,n_N255_2,n_N299_2,9.93,1
0,314,n_N255_2,n_N319_2,7.22,1
0,315,n_N275_2,n_N287_2,9.15,1
0,316,n_N275_2,n_N299_2,8.22,1
0,317,n_N275_2,n_N319_2,6.93,1
0,318,n_N275_2,n_N331_2,6.84,1
0,319,n_N275_2,n_N343_2,5.07,1
0,320,n_N275_2,n_N387_2,7.15,1
0,321,n_N287_2,n_N299_2,5.35,1
0,322,n_N287_2,n_N319_2,6.23,1
0,323,n_N287_2,n_N331_2,8.66,1
0,324,n_N287_2,n_N343_2,7.33,1
0,325,n_N287_2,n_N363_2,6.02,1
0,326,n_N287_2,n_N431_2,8.86,1
0,327,n_N299_2,n_N319_2,6.39,1
0,328,n_N299_2,n_N343_2,6.95,1
0,329,n_N319_2,n_N343_2,8.94,1
0,330,n_N319_2,n_N363_2,9.44,1
0,331,n_N319_2,n_N387_2,8.68,1
0,332,n_N319_2,n_N431_2,9.09,1
0,333,n_N331_2,n_N343_2,4.55,1
0,334,n_N331_2,n_N363_2,9.48,1
0,335,n_N331_2,n_N387_2,7.91,1
0,336,n_N331_2,n_N407_2,8.59,1
0,337,n_N331_2,os_O1_11,9.45,0
0,338,n_N343_2,n_N387_2,9.91,1
0,339,n_N363_2,n_N375_2,8.92,1
0,340,n_N363_2,n_N407_2,8.63,1
0,341,n_N363_2,n_N419_2,6.97,1
0,342,n_N363_2,n_N431_2,4.73,1
0,343,n_N363_2,n_N475_2,7.2,1
0,344,n_N375_2,n_N387_2,5.28,1
0,345,n_N375_2,n_N407_2,8.32,1
0,346,n_N375_2,n_N419_2,8.18,1
0,347,n_N375_2,n_N431_2,6.82,1
0,348,n_N375_2,n_N451_2,5.91,1
0,349,n_N375_2,n_N475_2,9.7,1
0,350,n_N375_2,os_O1_11,8.53,0
0,351,n_N387_2,n_N431_2,8.8,1
0,352,n_N387_2,os_O1_11,7.02,0
0,353,n_N407_2,n_N451_2,8.97,1
0,354,n_N407_2,n_N463_2,8.24,1
0,355,n_N407_2,n_N475_2,4.1,1
0,356,n_N407_2,n_N519_2,9.38,1
0,357,n_N419_2,n_N431_2,4.71,1
0,358,n_N419_2,n_N451_2,8.77,1
0,359,n_N419_2,n_N463_2,8.97,1
0,360,n_N419_2,n_N475_2,8.17,1
0,361,n_N419_2,n_N495_2,4.57,1
0,362,n_N419_2,n_N563_2,8.53,1
0,363,n_N431_2,n_N475_2,9.54,1
0,364,n_N431_2,n_N495_2,8.95,1
0,365,n_N451_2,n_N463_2,9.06,1
0,366,n_N451_2,n_N475_2,9.71,1
0,367,n_N451_2,n_N495_2,8.71,1
0,368,n_N451_2,n_N507_2,7.72,1
0,369,n_N451_2,n_N519_2,4.89,1
0,370,n_N451_2,n_N539_2,8.8,1
0,371,n_N451_2,n_N563_2,8.44,1
0,372,n_N451_2,os_O1_6,7.46,0
0,373,n_N451_2,o_O2_6,6.69,0
0,374,n_N451_2,o_O2_10,9.44,0
0,375,n_N463_2,n_N475_2,5.69,1
0,376,n_N463_2,n_N495_2,8.84,1
0,377,n_N463_2,n_N507_2,7.69,1
0,378,n_N463_2,n_N519_2,7.03,1
0,379,n_N463_2,n_N539_2,3.36,1
0,380,n_N463_2,n_N607_2,8.54,1
0,381,n_N475_2,n_N519_2,9.78,1
0,382,n_N475_2,n_N539_2,8.77,1
0,383,n_N495_2,n_N507_2,9.57,1
0,384,n_N495_2,n_N539_2,9.18,1
0,385,n_N495_2,n_N551_2,6.05,1
0,386,n_N495_2,n_N563_2,4.35,1
0,387,n_N495_2,n_N607_2,7.85,1
0,388,n_N507_2,n_N519_2,4.47,1
0,389,n_N507_2,n_N539_2,4.72,1
0,390,n_N507_2,n_N563_2,7.39,1
0,391,n_N507_2,n_N583_2,4.6,1
0,392,n_N507_2,n_N627_2,7.22,1
0,393,n_N507_2,n_N651_2,9.12,1
0,394,n_N507_2,os_O1_6,8.7,0
0,395,n_N507_2,o_O2_6,7.94,0
0,396,n_N519_2,n_N539_2,5.52,1
0,397,n_N519_2,n_N563_2,9.45,1
0,398,n_N519_2,n_N583_2,9.04,1
0,399,n_N519_2,os_O1_6,6.43,0
0,400,n_N519_2,o_O2_6,7.14,0
0,401,n_N539_2,n_N563_2,9.12,1
0,402,n_N539_2,n_N583_2,7.1,1
0,403,n_N539_2,n_N607_2,8.66,1
0,404,n_N539_2,n_N627_2,9.48,1
0,405,n_N539_2,n_N651_2,8.1,1
0,406,n_N551_2,n_N563_2,5.83,1
0,407,n_N551_2,n_N583_2,9.37,1
0,408,n_N551_2,n_N595_2,8.27,1
0,409,n_N551_2,n_N607_2,5.46,1
0,410,n_N551_2,n_N627_2,7.14,1
0,411,n_N563_2,n_N583_2,8.29,1
0,412,n_N563_2,n_N607_2,9.3,1
0,413,n_N563_2,n_N627_2,7.26,1
0,414,n_N583_2,n_N627_2,3.6,1
0,415,n_N583_2,n_N639_2,8.0,1
0,416,n_N583_2,n_N651_2,6.42,1
0,417,n_N583_2,n_N695_2,8.96,1
0,418,n_N595_2,n_N607_2,4.69,1
0,419,n_N595_2,n_N627_2,9.69,1
0,420,n_N595_2,n_N651_2,7.45,1
0,421,n_N595_2,n_N671_2,7.49,1
0,422,n_N607_2,n_N627_2,9.41,1
0,423,n_N607_2,n_N651_2,9.53,1
0,424,n_N627_2,n_N639_2,8.83,1
0,425,n_N627_2,n_N651_2,8.2,1
0,426,n_N627_2,n_N671_2,9.37,1
0,427,n_N627_2,n_N695_2,7.9,1
0,428,n_N639_2,n_N651_2,5.26,1
0,429,n_N639_2,n_N671_2,9.53,1
0,430,n_N639_2,n_N683_2,4.13,1
0,431,n_N639_2,n_N695_2,6.46,1
0,432,n_N639_2,n_N715_2,8.49,1
0,433,n_N651_2,n_N683_2,8.83,1
0,434,n_N671_2,n_N683_2,8.94,1
0,435,n_N671_2,n_N695_2,9.44,1
0,436,n_N671_2,n_N727_2,7.43,1
0,437,n_N671_2,n_N739_2,4.79,1
0,438,n_N671_2,n_N783_2,7.53,1
0,439,n_N683_2,n_N695_2,6.67,1
0,440,n_N683_2,n_N715_2,4.37,1
0,441,n_N683_2,n_N739_2,9.26,1
0,442,n_N683_2,n_N783_2,9.35,1
0,443,n_N695_2,n_N715_2,9.31,1
0,444,n_N695_2,n_N739_2,7.71,1
0,445,n_N715_2,n_N759_2,7.45,1
0,446,n_N715_2,n_N771_2,9.85,1
0,447,n_N715_2,n_N783_2,8.36,1
0,448,n_N727_2,n_N739_2,4.7,1
0,449,n_N727_2,n_N759_2,8.13,1
0,450,n_N727_2,n_N771_2,9.67,1
0,451,n_N727_2,n_N783_2,7.53,1
0,452,n_N739_2,n_N783_2,9.14,1
0,453,n_N771_2,n_N783_2,4.93,1
0,454,n_N11_3,n_N35_3,8.75,1
0,455,n_N11_3,n_N55_3,7.6,1
0,456,n_N11_3,n_N67_3,9.54,1
0,457,n_N11_3,n_N79_3,7.4,1
0,458,n_N11_3,n_N99_3,8.6,1
0,459,n_N11_3,n_N123_3,8.06,1
0,460,n_N23_3,n_N35_3,7.11,1
0,461,n_N23_3,n_N55_3,9.03,1
0,462,n_N23_3,n_N67_3,7.69,1
0,463,n_N23_3,n_N79_3,6.01,1
0,464,n_N23_3,n_N99_3,5.13,1
0,465,n_N23_3,n_N143_3,7.6,1
0,466,n_N23_3,n_N167_3,7.96,1
0,467,n_N35_3,n_N79_3,8.71,1
0,468,n_N35_3,n_N99_3,7.09,1
0,469,n_N55_3,n_N67_3,9.46,1
0,470,n_N55_3,n_N99_3,5.41,1
0,471,n_N55_3,n_N111_3,5.4,1
0,472,n_N55_3,n_N123_3,3.97,1
0,473,n_N55_3,n_N167_3,7.66,1
0,474,n_N55_3,n_N187_3,9.52,1
0,475,n_N67_3,n_N79_3,4.87,1
0,476,n_N67_3,n_N99_3,9.98,1
0,477,n_N67_3,n_N123_3,7.31,1
0,478,n_N67_3,n_N143_3,5.55,1
0,479,n_N67_3,n_N211_3,9.87,1
0,480,n_N79_3,n_N99_3,8.87,1
0,481,n_N79_3,n_N123_3,9.54,1
0,482,n_N79_3,n_N143_3,8.73,1
0,483,n_N99_3,n_N111_3,9.24,1
0,484,n_N99_3,n_N123_3,8.36,1
0,485,n_N99_3,n_N167_3,6.02,1
0,486,n_N111_3,n_N123_3,4.92,1
0,487,n_N111_3,n_N155_3,7.42,1
0,488,n_N111_3,n_N167_3,7.5,1
0,489,n_N111_3,n_N187_3,4.23,1
0,490,n_N111_3,n_N211_3,9.66,1
0,491,n_N111_3,n_N255_3,6.87,1
0,492,n_N123_3,n_N143_3,9.73,1
0,493,n_N123_3,n_N167_3,9.74,1
0,494,n_N123_3,n_N187_3,8.73,1
0,495,n_N143_3,n_N167_3,9.33,1
0,496,n_N143_3,n_N211_3,5.55,1
0,497,n_N155_3,n_N167_3,5.41,1
0,498,n_N155_3,n_N187_3,7.08,1
0,499,n_N155_3,n_N211_3,8.48,1
0,500,n_N155_3,n_N231_3,6.82,1
0,501,n_N155_3,n_N255_3,9.84,1
0,502,n_N155_3,n_N299_3,8.78,1
0,503,n_N167_3,n_N187_3,9.81,1
0,504,n_N187_3,n_N199_3,8.48,1
0,505,n_N187_3,n_N211_3,9.82,1
0,506,n_N187_3,n_N231_3,9.59,1
0,507,n_N187_3,n_N243_3,6.96,1
0,508,n_N187_3,n_N255_3,3.92,1
0,509,n_N187_3,n_N275_3,8.08,1
0,510,n_N187_3,n_N299_3,7.75,1
0,511,n_N199_3,n_N211_3,5.97,1
0,512,n_N199_3,n_N231_3,8.46,1
0,513,n_N199_3,n_N243_3,8.25,1
0,514,n_N199_3,n_N255_3,6.06,1
0,515,n_N199_3,n_N275_3,4.77,1
0,516,n_N199_3,n_N343_3,8.86,1
0,517,n_N211_3,n_N231_3,9.26,1
0,518,n_N211_3,n_N255_3,9.45,1
0,519,n_N211_3,n_N275_3,9.94,1
0,520,n_N231_3,n_N243_3,8.79,1
0,521,n_N231_3,n_N275_3,7.36,1
0,522,n_N231_3,n_N287_3,6.72,1
0,523,n_N231_3,n_N299_3,6.97,1
0,524,n_N231_3,n_N343_3,5.26,1
0,525,n_N231_3,n_N407_3,8.8,1
0,526,n_N243_3,n_N255_3,5.65,1
0,527,n_N243_3,n_N275_3,4.14,1
0,528,n_N243_3,n_N287_3,9.26,1
0,529,n_N243_3,n_N299_3,5.59,1
0,530,n_N243_3,n_N319_3,6.26,1
0,531,n_N243_3,n_N343_3,9.98,1
0,532,n_N255_3,n_N275_3,5.8,1
0,533,n_N255_3,n_N299_3,9.12,1
0,534,n_N275_3,n_N287_3,9.99,1
0,535,n_N275_3,n_N299_3,7.95,1
0,536,n_N275_3,n_N319_3,7.36,1
0,537,n_N275_3,n_N343_3,7.33,1
0,538,n_N275_3,n_N387_3,9.87,1
0,539,n_N287_3,n_N299_3,5.7,1
0,540,n_N287_3,n_N319_3,9.01,1
0,541,n_N287_3,n_N331_3,8.27,1
0,542,n_N287_3,n_N343_3,7.8,1
0,543,n_N287_3,n_N363_3,8.07,1
0,544,n_N287_3,n_N407_3,3.95,1
0,545,n_N299_3,n_N319_3,8.89,1
0,546,n_N299_3,n_N407_3,8.81,1
0,547,n_N319_3,n_N331_3,9.51,1
0,548,n_N319_3,n_N343_3,9.91,1
0,549,n_N319_3,n_N363_3,6.46,1
0,550,n_N319_3,n_N375_3,9.13,1
0,551,n_N319_3,n_N387_3,6.54,1
0,552,n_N319_3,n_N407_3,7.9,1
0,553,n_N319_3,n_N431_3,8.24,1
0,554,n_N331_3,n_N343_3,6.39,1
0,555,n_N331_3,n_N363_3,9.35,1
0,556,n_N331_3,n_N375_3,6.96,1
0,557,n_N331_3,n_N387_3,6.66,1
0,558,n_N331_3,n_N407_3,4.81,1
0,559,n_N331_3,n_N431_3,9.87,1
0,560,n_N331_3,n_N451_3,7.93,1
0,561,n_N331_3,n_N475_3,9.73,1
0,562,n_N331_3,n_N519_3,9.83,1
0,563,n_N343_3,n_N387_3,8.94,1
0,564,n_N343_3,n_N407_3,7.22,1
0,565,n_N363_3,n_N375_3,9.49,1
0,566,n_N363_3,n_N387_3,9.6,1
0,567,n_N363_3,n_N407_3,6.33,1
0,568,n_N363_3,n_N419_3,6.48,1
0,569,n_N363_3,n_N431_3,3.53,1
0,570,n_N363_3,n_N451_3,9.81,1
0,571,n_N363_3,n_N475_3,9.55,1
0,572,n_N375_3,n_N387_3,4.19,1
0,573,n_N375_3,n_N407_3,9.58,1
0,574,n_N375_3,n_N419_3,9.68,1
0,575,n_N375_3,n_N431_3,7.91,1
0,576,n_N375_3,n_N451_3,4.41,1
0,577,n_N375_3,n_N519_3,8.7,1
0,578,n_N375_3,n_N363_4,8.73,2
0,579,n_N387_3,n_N407_3,8.8,1
0,580,n_N387_3,n_N431_3,9.43,1
0,581,n_N387_3,n_N451_3,8.34,1
0,582,n_N407_3,n_N419_3,9.77,1
0,583,n_N407_3,n_N431_3,8.38,1
0,584,n_N407_3,n_N475_3,8.29,1
0,585,n_N419_3,n_N431_3,4.11,1
0,586,n_N419_3,n_N451_3,7.12,1
0,587,n_N419_3,n_N463_3,7.48,1
0,588,n_N419_3,n_N475_3,7.12,1
0,589,n_N419_3,n_N495_3,5.61,1
0,590,n_N419_3,n_N519_3,9.18,1
0,591,n_N419_3,n_N563_3,7.61,1
0,592,n_N431_3,n_N451_3,7.42,1
0,593,n_N431_3,n_N475_3,9.56,1
0,594,n_N431_3,n_N495_3,9.48,1
0,595,n_N451_3,n_N507_3,8.38,1
0,596,n_N451_3,n_N519_3,4.78,1
0,597,n_N451_3,n_N539_3,9.19,1
0,598,n_N451_3,n_N563_3,9.98,1
0,599,n_N463_3,n_N475_3,4.37,1
0,600,n_N463_3,n_N495_3,6.62,1
0,601,n_N463_3,n_N519_3,8.54,1
0,602,n_N463_3,n_N539_3,7.37,1
0,603,n_N463_3,n_N563_3,9.55,1
0,604,n_N463_3,n_N607_3,7.74,1
0,605,n_N475_3,n_N495_3,9.22,1
0,606,n_N475_3,n_N519_3,9.6,1
0,607,n_N495_3,n_N507_3,9.2,1
0,608,n_N495_3,n_N539_3,8.81,1
0,609,n_N495_3,n_N551_3,6.45,1
0,610,n_N495_3,n_N563_3,3.84,1
0,611,n_N495_3,n_N583_3,8.5,1
0,612,n_N495_3,n_N607_3,7.9,1
0,613,n_N507_3,n_N519_3,5.7,1
0,614,n_N507_3,n_N539_3,4.27,1
0,615,n_N507_3,n_N551_3,9.51,1
0,616,n_N507_3,n_N563_3,7.3,1
0,617,n_N507_3,n_N583_3,4.98,1
0,618,n_N507_3,n_N627_3,8.2,1
0,619,n_N519_3,n_N539_3,5.11,1
0,620,n_N519_3,n_N563_3,9.97,1
0,621,n_N539_3,n_N551_3,9.95,1
0,622,n_N539_3,n_N563_3,8.67,1
0,623,n_N539_3,n_N583_3,6.64,1
0,624,n_N539_3,n_N607_3,8.9,1
0,625,n_N539_3,n_N627_3,9.6,1
0,626,n_N551_3,n_N563_3,5.25,1
0,627,n_N551_3,n_N583_3,5.48,1
0,628,n_N551_3,n_N595_3,7.76,1
0,629,n_N551_3,n_N607_3,6.73,1
0,630,n_N551_3,n_N651_3,9.24,1
0,631,n_N551_3,n_N671_3,6.62,1
0,632,n_N551_3,n_N727_3,9.31,1
0,633,n_N551_3,n_N739_3,7.11,1
0,634,n_N563_3,n_N583_3,6.13,1
0,635,n_N563_3,n_N607_3,9.48,1
0,636,n_N583_3,n_N595_3,9.46,1
0,637,n_N583_3,n_N607_3,8.79,1
0,638,n_N583_3,n_N627_3,6.36,1
0,639,n_N583_3,n_N651_3,9.5,1
0,640,n_N583_3,n_N671_3,8.78,1
0,641,n_N583_3,n_N695_3,9.93,1
0,642,n_N583_3,n_N739_3,7.28,1
0,643,n_N595_3,n_N607_3,5.01,1
0,644,n_N595_3,n_N639_3,7.36,1
0,645,n_N595_3,n_N651_3,3.63,1
0,646,n_N595_3,n_N671_3,7.11,1
0,647,n_N607_3,n_N651_3,8.18,1
0,648,n_N627_3,n_N639_3,9.6,1
0,649,n_N627_3,n_N651_3,9.42,1
0,650,n_N627_3,n_N683_3,8.19,1
0,651,n_N627_3,n_N695_3,4.73,1
0,652,n_N627_3,n_N715_3,9.59,1
0,653,n_N627_3,n_N739_3,9.11,1
0,654,n_N639_3,n_N651_3,3.84,1
0,655,n_N639_3,n_N671_3,8.45,1
0,656,n_N639_3,n_N683_3,9.97,1
0,657,n_N639_3,n_N695_3,7.18,1
0,658,n_N639_3,n_N715_3,6.5,1
0,659,n_N651_3,n_N671_3,6.38,1
0,660,n_N651_3,n_N695_3,8.75,1
0,661,n_N651_3,n_N715_3,8.46,1
0,662,n_N651_3,n_N739_3,9.95,1
0,663,n_N671_3,n_N683_3,9.28,1
0,664,n_N671_3,n_N715_3,7.97,1
0,665,n_N671_3,n_N727_3,5.97,1
0,666,n_N671_3,n_N739_3,5.07,1
0,667,n_N671_3,n_N759_3,8.69,1
0,668,n_N671_3,n_N783_3,8.34,1
0,669,n_N683_3,n_N695_3,5.34,1
0,670,n_N683_3,n_N715_3,4.52,1
0,671,n_N683_3,n_N727_3,9.76,1
0,672,n_N683_3,n_N739_3,7.29,1
0,673,n_N683_3,n_N759_3,4.36,1
0,674,n_N683_3,n_N671_4,8.09,2
0,675,n_N683_3,n_N727_4,9.56,2
0,676,n_N683_3,n_N739_4,8.93,2
0,677,n_N695_3,n_N715_3,5.7,1
0,678,n_N695_3,n_N739_3,9.49,1
0,679,n_N695_3,n_N759_3,9.15,1
0,680,n_N695_3,n_N671_4,8.09,2
0,681,n_N715_3,n_N739_3,8.71,1
0,682,n_N715_3,n_N759_3,7.4,1
0,683,n_N715_3,n_N783_3,9.09,1
0,684,n_N727_3,n_N739_3,4.65,1
0,685,n_N727_3,n_N759_3,6.53,1
0,686,n_N727_3,n_N771_3,9.49,1
0,687,n_N727_3,n_N783_3,7.25,1
0,688,n_N739_3,n_N759_3,5.29,1
0,689,n_N759_3,n_N771_3,9.83,1
0,690,n_N759_3,n_N783_3,9.52,1
0,691,n_N771_3,n_N783_3,5.12,1
0,692,n_N11_4,n_N23_4,9.05,1
0,693,n_N11_4,n_N55_4,4.36,1
0,694,n_N11_4,n_N67_4,7.55,1
0,695,n_N11_4,n_N79_4,4.89,1
0,696,n_N11_4,n_N99_4,8.93,1
0,697,n_N11_4,n_N123_4,7.54,1
0,698,n_N23_4,n_N35_4,6.11,1
0,699,n_N23_4,n_N55_4,9.52,1
0,700,n_N23_4,n_N67_4,8.69,1
0,701,n_N23_4,n_N79_4,7.95,1
0,702,n_N23_4,n_N99_4,6.27,1
0,703,n_N23_4,n_N123_4,9.96,1
0,704,n_N23_4,n_N167_4,7.87,1
0,705,n_N55_4,n_N67_4,9.15,1
0,706,n_N55_4,n_N79_4,8.3,1
0,707,n_N55_4,n_N111_4,9.3,1
0,708,n_N55_4,n_N123_4,4.66,1
0,709,n_N67_4,n_N79_4,4.43,1
0,710,n_N67_4,n_N99_4,3.37,1
0,711,n_N67_4,n_N111_4,9.82,1
0,712,n_N67_4,n_N123_4,7.84,1
0,713,n_N67_4,n_N143_4,6.74,1
0,714,n_N67_4,n_N187_4,7.99,1
0,715,n_N79_4,n_N99_4,5.72,1
0,716,n_N79_4,n_N123_4,9.37,1
0,717,n_N99_4,n_N111_4,9.68,1
0,718,n_N99_4,n_N123_4,8.66,1
0,719,n_N99_4,n_N143_4,6.61,1
0,720,n_N99_4,n_N167_4,9.22,1
0,721,n_N99_4,n_N187_4,8.16,1
0,722,n_N99_4,n_N211_4,9.37,1
0,723,n_N111_4,n_N123_4,4.85,1
0,724,n_N111_4,n_N143_4,7.91,1
0,725,n_N111_4,n_N155_4,9.88,1
0,726,n_N111_4,n_N167_4,6.7,1
0,727,n_N111_4,n_N187_4,4.76,1
0,728,n_N111_4,n_N255_4,8.39,1
0,729,n_N123_4,n_N143_4,9.55,1
0,730,n_N123_4,n_N167_4,8.75,1
0,731,n_N123_4,n_N187_4,7.39,1
0,732,n_N143_4,n_N155_4,9.79,1
0,733,n_N143_4,n_N187_4,3.55,1
0,734,n_N143_4,n_N199_4,8.84,1
0,735,n_N143_4,n_N211_4,5.71,1
0,736,n_N143_4,n_N255_4,7.73,1
0,737,n_N155_4,n_N167_4,6.47,1
0,738,n_N155_4,n_N187_4,9.57,1
0,739,n_N155_4,n_N199_4,7.9,1
0,740,n_N155_4,n_N211_4,6.75,1
0,741,n_N155_4,n_N231_4,4.35,1
0,742,n_N155_4,n_N299_4,9.76,1
0,743,n_N167_4,n_N187_4,8.95,1
0,744,n_N167_4,n_N231_4,9.11,1
0,745,n_N187_4,n_N199_4,9.62,1
0,746,n_N187_4,n_N211_4,7.79,1
0,747,n_N187_4,n_N255_4,5.95,1
0,748,n_N199_4,n_N211_4,5.08,1
0,749,n_N199_4,n_N231_4,8.59,1
0,750,n_N199_4,n_N243_4,8.71,1
0,751,n_N199_4,n_N255_4,7.36,1
0,752,n_N199_4,n_N275_4,3.6,1
0,753,n_N199_4,n_N343_4,9.96,1
0,754,n_N211_4,n_N231_4,9.83,1
0,755,n_N211_4,n_N255_4,9.07,1
0,756,n_N211_4,n_N275_4,8.27,1
0,757,n_N231_4,n_N275_4,9.46,1
0,758,n_N231_4,n_N287_4,8.92,1
0,759,n_N231_4,n_N299_4,5.87,1
0,760,n_N231_4,n_N343_4,9.23,1
0,761,n_N243_4,n_N255_4,4.53,1
0,762,n_N243_4,n_N275_4,5.66,1
0,763,n_N243_4,n_N299_4,8.54,1
0,764,n_N243_4,n_N319_4,4.91,1
0,765,n_N255_4,n_N275_4,5.91,1
0,766,n_N255_4,n_N319_4,9.2,1
0,767,n_N275_4,n_N299_4,9.79,1
0,768,n_N275_4,n_N319_4,7.35,1
0,769,n_N275_4,n_N343_4,9.32,1
0,770,n_N275_4,n_N387_4,7.93,1
0,771,n_N287_4,n_N299_4,4.89,1
0,772,n_N287_4,n_N319_4,8.83,1
0,773,n_N287_4,n_N331_4,8.2,1
0,774,n_N287_4,n_N343_4,5.97,1
0,775,n_N287_4,n_N363_4,8.12,1
0,776,n_N299_4,n_N319_4,9.62,1
0,777,n_N299_4,n_N343_4,8.86,1
0,778,n_N319_4,n_N363_4,7.07,1
0,779,n_N319_4,n_N375_4,9.06,1
0,780,n_N319_4,n_N387_4,7.08,1
0,781,n_N319_4,n_N431_4,7.54,1
0,782,n_N331_4,n_N343_4,4.68,1
0,783,n_N331_4,n_N363_4,9.25,1
0,784,n_N331_4,n_N375_4,8.88,1
0,785,n_N331_4,n_N387_4,7.44,1
0,786,n_N331_4,n_N407_4,5.43,1
0,787,n_N331_4,n_N475_4,7.92,1
0,788,n_N343_4,n_N387_4,9.57,1
0,789,n_N343_4,n_N407_4,9.4,1
0,790,n_N363_4,n_N375_4,9.73,1
0,791,n_N363_4,n_N407_4,9.16,1
0,792,n_N363_4,n_N419_4,6.74,1
0,793,n_N363_4,n_N431_4,3.81,1
0,794,n_N363_4,n_N475_4,7.53,1
0,795,n_N375_4,n_N387_4,4.43,1
0,796,n_N375_4,n_N419_4,10.0,1
0,797,n_N375_4,n_N431_4,7.59,1
0,798,n_N375_4,n_N451_4,7.27,1
0,799,n_N375_4,n_N519_4,9.51,1
0,800,n_N387_4,n_N431_4,9.41,1
0,801,n_N407_4,n_N419_4,9.07,1
0,802,n_N407_4,n_N451_4,9.43,1
0,803,n_N407_4,n_N463_4,6.2,1
0,804,n_N407_4,n_N475_4,3.73,1
0,805,n_N407_4,n_N519_4,7.96,1
0,806,n_N407_4,n_N539_4,8.6,1
0,807,n_N419_4,n_N431_4,5.17,1
0,808,n_N419_4,n_N451_4,7.59,1
0,809,n_N419_4,n_N463_4,9.43,1
0,810,n_N419_4,n_N475_4,7.16,1
0,811,n_N419_4,n_N495_4,6.13,1
0,812,n_N419_4,n_N519_4,9.31,1
0,813,n_N419_4,n_N563_4,9.23,1
0,814,n_N431_4,n_N451_4,9.44,1
0,815,n_N431_4,n_N475_4,9.04,1
0,816,n_N451_4,n_N495_4,9.62,1
0,817,n_N451_4,n_N507_4,8.66,1
0,818,n_N451_4,n_N519_4,3.85,1
0,819,n_N451_4,n_N539_4,8.63,1
0,820,n_N451_4,n_N563_4,9.9,1
0,821,n_N463_4,n_N475_4,5.61,1
0,822,n_N463_4,n_N495_4,7.69,1
0,823,n_N463_4,n_N507_4,9.05,1
0,824,n_N463_4,n_N519_4,7.79,1
0,825,n_N463_4,n_N539_4,4.68,1
0,826,n_N463_4,n_N563_4,9.99,1
0,827,n_N463_4,n_N583_4,9.26,1
0,828,n_N463_4,n_N607_4,6.47,1
0,829,n_N475_4,n_N495_4,9.07,1
0,830,n_N475_4,n_N519_4,9.56,1
0,831,n_N475_4,n_N539_4,9.38,1
0,832,n_N495_4,n_N507_4,9.67,1
0,833,n_N495_4,n_N519_4,9.73,1
0,834,n_N495_4,n_N539_4,8.79,1
0,835,n_N495_4,n_N551_4,7.36,1
0,836,n_N495_4,n_N563_4,4.3,1
0,837,n_N495_4,n_N583_4,8.53,1
0,838,n_N495_4,n_N607_4,7.24,1
0,839,n_N507_4,n_N519_4,6.3,1
0,840,n_N507_4,n_N539_4,4.78,1
0,841,n_N507_4,n_N551_4,9.2,1
0,842,n_N507_4,n_N563_4,7.67,1
0,843,n_N507_4,n_N583_4,3.42,1
0,844,n_N507_4,n_N627_4,7.2,1
0,845,n_N519_4,n_N539_4,5.31,1
0,846,n_N519_4,n_N563_4,9.95,1
0,847,n_N519_4,n_N583_4,8.94,1
0,848,n_N539_4,n_N563_4,9.02,1
0,849,n_N539_4,n_N583_4,6.09,1
0,850,n_N539_4,n_N607_4,8.21,1
0,851,n_N551_4,n_N563_4,5.12,1
0,852,n_N551_4,n_N583_4,5.97,1
0,853,n_N551_4,n_N595_4,8.88,1
0,854,n_N551_4,n_N607_4,6.76,1
0,855,n_N551_4,n_N627_4,6.94,1
0,856,n_N551_4,n_N671_4,8.84,1
0,857,n_N551_4,n_N695_4,8.92,1
0,858,n_N563_4,n_N583_4,5.97,1
0,859,n_N563_4,n_N607_4,8.62,1
0,860,n_N563_4,n_N627_4,9.34,1
0,861,n_N583_4,n_N607_4,8.34,1
0,862,n_N583_4,n_N627_4,4.74,1
0,863,n_N583_4,n_N651_4,9.0,1
0,864,n_N583_4,n_N695_4,8.89,1
0,865,n_N595_4,n_N607_4,5.86,1
0,866,n_N595_4,n_N639_4,7.34,1
0,867,n_N595_4,n_N651_4,7.27,1
0,868,n_N595_4,n_N671_4,9.08,1
0,869,n_N627_4,n_N639_4,9.26,1
0,870,n_N627_4,n_N651_4,6.97,1
0,871,n_N627_4,n_N683_4,9.44,1
0,872,n_N627_4,n_N695_4,4.28,1
0,873,n_N627_4,n_N715_4,9.86,1
0,874,n_N639_4,n_N651_4,6.01,1
0,875,n_N639_4,n_N671_4,8.45,1
0,876,n_N639_4,n_N683_4,9.33,1
0,877,n_N639_4,n_N695_4,7.34,1
0,878,n_N639_4,n_N715_4,4.12,1
0,879,n_N651_4,n_N695_4,7.83,1
0,880,n_N651_4,n_N715_4,9.22,1
0,881,n_N671_4,n_N683_4,8.49,1
0,882,n_N671_4,n_N715_4,7.53,1
0,883,n_N671_4,n_N727_4,7.5,1
0,884,n_N671_4,n_N739_4,6.07,1
0,885,n_N671_4,n_N759_4,8.41,1
0,886,n_N671_4,n_N783_4,6.51,1
0,887,n_N683_4,n_N695_4,5.67,1
0,888,n_N683_4,n_N715_4,5.9,1
0,889,n_N683_4,n_N727_4,7.28,1
0,890,n_N683_4,n_N739_4,5.22,1
0,891,n_N683_4,n_N759_4,5.14,1
0,892,n_N695_4,n_N715_4,6.39,1
0,893,n_N695_4,n_N739_4,9.29,1
0,894,n_N715_4,n_N727_4,9.65,1
0,895,n_N715_4,n_N739_4,8.74,1
0,896,n_N715_4,n_N759_4,7.39,1
0,897,n_N715_4,n_N771_4,8.98,1
0,898,n_N715_4,n_N783_4,8.83,1
0,899,n_N727_4,n_N739_4,4.28,1
0,900,n_N727_4,n_N759_4,3.55,1
0,901,n_N727_4,n_N771_4,9.23,1
0,902,n_N727_4,n_N783_4,6.93,1
0,903,n_N739_4,n_N759_4,5.36,1
0,904,n_N739_4,n_N783_4,9.13,1
0,905,n_N759_4,n_N771_4,7.3,1
0,906,n_N759_4,n_N783_4,7.58,1
0,907,n_N771_4,n_N783_4,7.11,1
0,908,os_O1_5,o_O2_5,3.9,1
0,909,os_O1_6,o_O2_6,4.04,1
0,910,os_O1_6,os_O1_10,8.78,2
0,911,os_O1_6,o_O2_10,5.32,2
0,912,o_O2_6,os_O1_10,5.85,2
0,913,o_O2_6,o_O2_10,4.05,2
0,914,os_O1_7,o_O2_7,3.8,1
0,915,os_O1_8,o_O2_8,4.03,1
0,916,os_O1_9,o_O2_9,4.18,1
0,917,os_O1_10,o_O2_10,3.92,1
0,918,os_O1_11,o_O2_11,4.07,1
0,919,os_O1_12,o_O2_12,3.99,1
0,920,os_O1_13,o_O2_13,4.24,1
0,921,os_O1_14,o_O2_14,4.2,1
1,0,n_N11_1,n_N23_1,9.46,1
1,1,n_N11_1,n_N55_1,3.77,1
1,2,n_N11_1,n_N67_1,8.69,1
1,3,n_N11_1,n_N79_1,5.65,1
1,4,n_N11_1,n_N99_1,9.54,1
1,5,n_N11_1,n_N123_1,6.91,1
1,6,n_N11_1,n_N143_1,9.96,1
1,7,n_N23_1,n_N35_1,5.88,1
1,8,n_N23_1,n_N55_1,8.46,1
1,9,n_N23_1,n_N67_1,8.9,1
1,10,n_N23_1,n_N79_1,8.3,1
1,11,n_N23_1,n_N99_1,5.92,1
1,12,n_N23_1,n_N123_1,9.66,1
1,13,n_N23_1,n_N167_1,8.83,1
1,14,n_N55_1,n_N67_1,9.51,1
1,15,n_N55_1,n_N79_1,7.98,1
1,16,n_N55_1,n_N99_1,6.73,1
1,17,n_N55_1,n_N111_1,9.71,1
1,18,n_N55_1,n_N123_1,5.06,1
1,19,n_N55_1,n_N143_1,9.53,1
1,20,n_N67_1,n_N79_1,4.77,1
1,21,n_N67_1,n_N99_1,9.18,1
1,22,n_N67_1,n_N111_1,8.45,1
1,23,n_N67_1,n_N123_1,7.28,1
1,24,n_N67_1,n_N143_1,4.31,1
1,25,n_N67_1,n_N167_1,9.55,1
1,26,n_N67_1,n_N211_1,7.63,1
1,27,n_N79_1,n_N123_1,8.49,1
1,28,n_N79_1,n_N143_1,8.24,1
1,29,n_N99_1,n_N111_1,7.5,1
1,30,n_N99_1,n_N123_1,5.9,1
1,31,n_N99_1,n_N143_1,8.28,1
1,32,n_N99_1,n_N155_1,9.82,1
1,33,n_N99_1,n_N167_1,5.57,1
1,34,n_N111_1,n_N123_1,4.76,1
1,35,n_N111_1,n_N143_1,4.42,1
1,36,n_N111_1,n_N155_1,9.74,1
1,37,n_N111_1,n_N167_1,7.02,1
1,38,n_N111_1,n_N187_1,4.26,1
1,39,n_N111_1,n_N211_1,9.32,1
1,40,n_N111_1,n_N255_1,6.97,1
1,41,n_N123_1,n_N143_1,5.25,1
1,42,n_N123_1,n_N167_1,8.75,1
1,43,n_N123_1,n_N187_1,9.0,1
1,44,n_N143_1,n_N167_1,7.84,1
1,45,n_N143_1,n_N187_1,7.37,1
1,46,n_N143_1,n_N211_1,6.7,1
1,47,n_N143_1,n_N255_1,8.65,1
1,48,n_N155_1,n_N167_1,4.28,1
1,49,n_N155_1,n_N187_1,9.33,1
1,50,n_N155_1,n_N199_1,9.18,1
1,51,n_N155_1,n_N211_1,9.0,1
1,52,n_N155_1,n_N231_1,4.62,1
1,53,n_N167_1,n_N187_1,8.37,1
1,54,n_N167_1,n_N211_1,9.57,1
1,55,n_N167_1,n_N231_1,8.42,1
1,56,n_N187_1,n_N199_1,9.24,1
1,57,n_N187_1,n_N211_1,9.35,1
1,58,n_N187_1,n_N231_1,9.57,1
1,59,n_N187_1,n_N243_1,6.72,1
1,60,n_N187_1,n_N255_1,3.63,1
1,61,n_N187_1,n_N299_1,8.21,1
1,62,n_N199_1,n_N211_1,6.04,1
1,63,n_N199_1,n_N231_1,6.74,1
1,64,n_N199_1,n_N243_1,9.39,1
1,65,n_N199_1,n_N255_1,7.78,1
1,66,n_N199_1,n_N275_1,5.63,1
1,67,n_N199_1,n_N343_1,9.04,1
1,68,n_N199_1,n_N255_2,9.19,2
1,69,n_N211_1,n_N231_1,9.63,1
1,70,n_N211_1,n_N255_1,8.89,1
1,71,n_N231_1,n_N275_1,8.45,1
1,72,n_N231_1,n_N299_1,8.14,1
1,73,n_N231_1,n_N343_1,8.63,1
1,74,n_N243_1,n_N255_1,5.13,1
1,75,n_N243_1,n_N275_1,9.24,1
1,76,n_N243_1,n_N287_1,7.07,1
1,77,n_N243_1,n_N299_1,5.88,1
1,78,n_N243_1,n_N319_1,6.04,1
1,79,n_N243_1,n_N387_1,9.84,1
1,80,n_N255_1,n_N299_1,8.99,1
1,81,n_N275_1,n_N287_1,9.54,1
1,82,n_N275_1,n_N319_1,9.78,1
1,83,n_N275_1,n_N331_1,6.36,1
1,84,n_N275_1,n_N343_1,4.31,1
1,85,n_N275_1,n_N387_1,8.18,1
1,86,n_N287_1,n_N299_1,5.08,1
1,87,n_N287_1,n_N319_1,5.98,1
1,88,n_N287_1,n_N331_1,9.87,1
1,89,n_N287_1,n_N343_1,7.85,1
1,90,n_N287_1,n_N363_1,5.04,1
1,91,n_N287_1,n_N387_1,9.89,1
1,92,n_N287_1,n_N431_1,8.66,1
1,93,n_N299_1,n_N319_1,9.03,1
1,94,n_N299_1,n_N343_1,9.51,1
1,95,n_N319_1,n_N363_1,6.72,1
1,96,n_N319_1,n_N375_1,9.6,1
1,97,n_N319_1,n_N387_1,5.79,1
1,98,n_N319_1,n_N431_1,7.49,1
1,99,n_N331_1,n_N343_1,4.93,1
1,100,n_N331_1,n_N375_1,7.29,1
1,101,n_N331_1,n_N387_1,7.07,1
1,102,n_N331_1,n_N407_1,3.85,1
1,103,n_N331_1,n_N451_1,9.2,1
1,104,n_N331_1,n_N519_1,9.76,1
1,105,n_N343_1,n_N387_1,9.5,1
1,106,n_N343_1,n_N407_1,8.22,1
1,107,n_N363_1,n_N387_1,9.86,1
1,108,n_N363_1,n_N419_1,7.18,1
1,109,n_N363_1,n_N431_1,4.1,1
1,110,n_N363_1,n_N451_1,9.14,1
1,111,n_N363_1,n_N475_1,7.83,1
1,112,n_N375_1,n_N387_1,5.8,1
1,113,n_N375_1,n_N407_1,5.73,1
1,114,n_N375_1,n_N419_1,9.99,1
1,115,n_N375_1,n_N431_1,7.87,1
1,116,n_N375_1,n_N451_1,4.23,1
1,117,n_N375_1,n_N375_2,8.12,2
1,118,n_N375_1,n_N387_2,8.76,2
1,119,n_N387_1,n_N407_1,8.53,1
1,120,n_N387_1,n_N431_1,9.24,1
1,121,n_N387_1,n_N451_1,9.34,1
1,122,n_N387_1,n_N387_2,8.55,2
1,123,n_N407_1,n_N419_1,9.85,1
1,124,n_N407_1,n_N431_1,9.79,1
1,125,n_N407_1,n_N451_1,6.28,1
1,126,n_N407_1,n_N463_1,9.42,1
1,127,n_N407_1,n_N475_1,8.34,1
1,128,n_N407_1,n_N519_1,6.45,1
1,129,n_N419_1,n_N431_1,5.63,1
1,130,n_N419_1,n_N451_1,6.33,1
1,131,n_N419_1,n_N463_1,9.16,1
1,132,n_N419_1,n_N475_1,6.29,1
1,133,n_N419_1,n_N495_1,6.23,1
1,134,n_N419_1,n_N563_1,9.4,1
1,135,n_N419_1,os_O1_10,9.67,0
1,136,n_N431_1,n_N451_1,6.41,1
1,137,n_N431_1,n_N475_1,9.2,1
1,138,n_N451_1,n_N475_1,9.35,1
1,139,n_N451_1,n_N495_1,7.87,1
1,140,n_N451_1,n_N519_1,8.98,1
1,141,n_N451_1,n_N563_1,8.89,1
1,142,n_N451_1,os_O1_10,8.45,0
1,143,n_N463_1,n_N475_1,5.92,1
1,144,n_N463_1,n_N495_1,9.38,1
1,145,n_N463_1,n_N507_1,8.9,1
1,146,n_N463_1,n_N519_1,5.96,1
1,147,n_N463_1,n_N539_1,5.7,1
1,148,n_N475_1,n_N519_1,9.33,1
1,149,n_N495_1,n_N551_1,7.83,1
1,150,n_N495_1,n_N563_1,3.63,1
1,151,n_N495_1,n_N607_1,8.04,1
1,152,n_N495_1,os_O1_10,6.45,0
1,153,n_N507_1,n_N519_1,4.73,1
1,154,n_N507_1,n_N539_1,4.37,1
1,155,n_N507_1,n_N551_1,9.36,1
1,156,n_N507_1,n_N563_1,8.14,1
1,157,n_N507_1,n_N583_1,7.51,1
1,158,n_N507_1,n_N563_2,9.38,2
1,159,n_N519_1,n_N539_1,4.72,1
1,160,n_N519_1,n_N563_1,9.86,1
1,161,n_N539_1,n_N551_1,9.8,1
1,162,n_N539_1,n_N563_1,8.94,1
1,163,n_N539_1,n_N583_1,5.98,1
1,164,n_N539_1,n_N651_1,9.9,1
1,165,n_N551_1,n_N563_1,4.94,1
1,166,n_N551_1,n_N583_1,9.06,1
1,167,n_N551_1,n_N595_1,7.28,1
1,168,n_N551_1,n_N607_1,4.51,1
1,169,n_N551_1,n_N627_1,6.87,1
1,170,n_N551_1,n_N671_1,9.11,1
1,171,n_N551_1,n_N739_1,9.04,1
1,172,n_N563_1,n_N607_1,7.02,1
1,173,n_N563_1,o_O2_6,9.89,0
1,174,n_N563_1,os_O1_10,6.71,0
1,175,n_N583_1,n_N607_1,9.94,1
1,176,n_N583_1,n_N627_1,7.8,1
1,177,n_N583_1,n_N639_1,9.58,1
1,178,n_N583_1,n_N651_1,5.2,1
1,179,n_N583_1,n_N695_1,8.43,1
1,180,n_N595_1,n_N607_1,4.94,1
1,181,n_N595_1,n_N627_1,9.0,1
1,182,n_N595_1,n_N639_1,7.57,1
1,183,n_N595_1,n_N651_1,7.78,1
1,184,n_N595_1,n_N671_1,3.99,1
1,185,n_N595_1,n_N715_1,9.8,1
1,186,n_N595_1,n_N739_1,8.11,1
1,187,n_N607_1,n_N627_1,9.86,1
1,188,n_N607_1,n_N651_1,9.71,1
1,189,n_N607_1,n_N671_1,8.16,1
1,190,n_N627_1,n_N639_1,9.09,1
1,191,n_N627_1,n_N651_1,9.74,1
1,192,n_N627_1,n_N671_1,8.81,1
1,193,n_N627_1,n_N683_1,6.9,1
1,194,n_N627_1,n_N695_1,4.73,1
1,195,n_N627_1,n_N715_1,8.41,1
1,196,n_N627_1,n_N739_1,7.98,1
1,197,n_N627_1,n_N759_1,8.94,1
1,198,n_N627_1,n_N563_2,9.9,2
1,199,n_N627_1,n_N627_2,9.61,2
1,200,n_N639_1,n_N651_1,6.19,1
1,201,n_N639_1,n_N671_1,7.13,1
1,202,n_N639_1,n_N683_1,8.74,1
1,203,n_N639_1,n_N695_1,6.61,1
1,204,n_N639_1,n_N715_1,4.39,1
1,205,n_N639_1,n_N783_1,9.59,1
1,206,n_N651_1,n_N695_1,8.97,1
1,207,n_N651_1,n_N715_1,9.98,1
1,208,n_N671_1,n_N683_1,8.97,1
1,209,n_N671_1,n_N695_1,9.63,1
1,210,n_N671_1,n_N715_1,7.66,1
1,211,n_N671_1,n_N727_1,7.65,1
1,212,n_N671_1,n_N739_1,5.22,1
1,213,n_N671_1,n_N759_1,8.28,1
1,214,n_N671_1,n_N783_1,7.08,1
1,215,n_N683_1,n_N695_1,5.31,1
1,216,n_N683_1,n_N715_1,4.95,1
1,217,n_N683_1,n_N727_1,8.83,1
1,218,n_N683_1,n_N739_1,7.38,1
1,219,n_N683_1,n_N759_1,3.82,1
1,220,n_N683_1,n_N695_2,8.78,2
1,221,n_N683_1,n_N739_2,7.67,2
1,222,n_N695_1,n_N715_1,5.2,1
1,223,n_N695_1,n_N739_1,9.98,1
1,224,n_N695_1,n_N759_1,8.74,1
1,225,n_N695_1,n_N739_2,9.84,2
1,226,n_N715_1,n_N727_1,9.95,1
1,227,n_N715_1,n_N739_1,9.16,1
1,228,n_N715_1,n_N759_1,7.12,1
1,229,n_N715_1,n_N783_1,8.5,1
1,230,n_N727_1,n_N739_1,5.62,1
1,231,n_N727_1,n_N759_1,5.41,1
1,232,n_N727_1,n_N771_1,7.87,1
1,233,n_N727_1,n_N783_1,5.97,1
1,234,n_N739_1,n_N759_1,5.33,1
1,235,n_N739_1,n_N783_1,9.1,1
1,236,n_N759_1,n_N783_1,8.79,1
1,237,n_N759_1,n_N695_2,7.71,2
1,238,n_N759_1,n_N739_2,9.81,2
1,239,n_N771_1,n_N783_1,4.53,1
1,240,n_N11_2,n_N23_2,9.23,1
1,241,n_N11_2,n_N35_2,9.52,1
1,242,n_N11_2,n_N55_2,8.17,1
1,243,n_N11_2,n_N67_2,8.95,1
1,244,n_N11_2,n_N79_2,5.16,1
1,245,n_N11_2,n_N99_2,9.34,1
1,246,n_N11_2,n_N123_2,6.83,1
1,247,n_N23_2,n_N35_2,5.71,1
1,248,n_N23_2,n_N55_2,6.76,1
1,249,n_N23_2,n_N67_2,7.84,1
1,250,n_N23_2,n_N79_2,7.38,1
1,251,n_N23_2,n_N99_2,4.75,1
1,252,n_N23_2,n_N123_2,8.82,1
1,253,n_N23_2,n_N143_2,8.25,1
1,254,n_N23_2,n_N167_2,7.57,1
1,255,n_N35_2,n_N55_2,8.66,1
1,256,n_N35_2,n_N79_2,9.1,1
1,257,n_N35_2,n_N99_2,9.8,1
1,258,n_N55_2,n_N99_2,9.04,1
1,259,n_N55_2,n_N111_2,7.94,1
1,260,n_N55_2,n_N123_2,4.78,1
1,261,n_N55_2,n_N167_2,9.13,1
1,262,n_N67_2,n_N79_2,5.99,1
1,263,n_N67_2,n_N99_2,3.53,1
1,264,n_N67_2,n_N111_2,9.04,1
1,265,n_N67_2,n_N123_2,7.77,1
1,266,n_N67_2,n_N143_2,4.79,1
1,267,n_N67_2,n_N167_2,9.31,1
1,268,n_N79_2,n_N99_2,5.94,1
1,269,n_N79_2,n_N123_2,8.89,1
1,270,n_N99_2,n_N123_2,8.51,1
1,271,n_N99_2,n_N143_2,4.55,1
1,272,n_N99_2,n_N167_2,7.55,1
1,273,n_N111_2,n_N123_2,5.34,1
1,274,n_N111_2,n_N143_2,9.11,1
1,275,n_N111_2,n_N155_2,9.41,1
1,276,n_N111_2,n_N167_2,8.46,1
1,277,n_N111_2,n_N187_2,4.94,1
1,278,n_N111_2,n_N231_2,8.47,1
1,279,n_N111_2,n_N255_2,9.37,1
1,280,n_N143_2,n_N155_2,7.34,1
1,281,n_N143_2,n_N167_2,6.06,1
1,282,n_N143_2,n_N211_2,6.6,1
1,283,n_N155_2,n_N167_2,4.1,1
1,284,n_N155_2,n_N187_2,7.71,1
1,285,n_N155_2,n_N199_2,9.57,1
1,286,n_N155_2,n_N211_2,6.79,1
1,287,n_N155_2,n_N231_2,5.24,1
1,288,n_N155_2,n_N275_2,9.56,1
1,289,n_N155_2,n_N343_2,9.83,1
1,290,n_N167_2,n_N187_2,8.77,1
1,291,n_N167_2,n_N211_2,9.11,1
1,292,n_N167_2,n_N231_2,8.36,1
1,293,n_N187_2,n_N231_2,4.71,1
1,294,n_N187_2,n_N255_2,8.64,1
1,295,n_N187_2,n_N299_2,7.7,1
1,296,n_N199_2,n_N211_2,4.27,1
1,297,n_N199_2,n_N231_2,7.15,1
1,298,n_N199_2,n_N243_2,8.04,1
1,299,n_N199_2,n_N255_2,6.71,1
1,300,n_N199_2,n_N275_2,3.95,1
1,301,n_N199_2,n_N299_2,9.54,1
1,302,n_N199_2,n_N319_2,7.87,1
1,303,n_N199_2,n_N343_2,8.22,1
1,304,n_N199_2,n_N387_2,9.08,1
1,305,n_N211_2,n_N231_2,7.03,1
1,306,n_N211_2,n_N255_2,9.31,1
1,307,n_N211_2,n_N275_2,6.2,1
1,308,n_N211_2,n_N343_2,9.48,1
1,309,n_N231_2,n_N255_2,8.81,1
1,310,n_N231_2,n_N275_2,7.0,1
1,311,n_N231_2,n_N299_2,5.77,1
1,312,n_N231_2,n_N319_2,9.28,1
1,313,n_N231_2,n_N343_2,7.35,1
1,314,n_N243_2,n_N255_2,4.87,1
1,315,n_N243_2,n_N275_2,9.2,1
1,316,n_N243_2,n_N287_2,9.36,1
1,317,n_N243_2,n_N299_2,8.41,1
1,318,n_N243_2,n_N319_2,3.53,1
1,319,n_N255_2,n_N275_2,9.56,1
1,320,n_N255_2,n_N299_2,9.89,1
1,321,n_N255_2,n_N319_2,7.42,1
1,322,n_N275_2,n_N287_2,9.03,1
1,323,n_N275_2,n_N299_2,8.04,1
1,324,n_N275_2,n_N319_2,7.39,1
1,325,n_N275_2,n_N331_2,6.77,1
1,326,n_N275_2,n_N343_2,4.52,1
1,327,n_N275_2,n_N387_2,7.65,1
1,328,n_N287_2,n_N299_2,5.34,1
1,329,n_N287_2,n_N319_2,5.98,1
1,330,n_N287_2,n_N331_2,8.76,1
1,331,n_N287_2,n_N343_2,7.02,1
1,332,n_N287_2,n_N363_2,6.71,1
1,333,n_N287_2,n_N431_2,8.78,1
1,334,n_N299_2,n_N319_2,6.24,1
1,335,n_N299_2,n_N343_2,6.73,1
1,336,n_N319_2,n_N343_2,8.69,1
1,337,n_N319_2,n_N363_2,9.77,1
1,338,n_N319_2,n_N387_2,9.59,1
1,339,n_N319_2,n_N431_2,8.76,1
1,340,n_N331_2,n_N343_2,4.86,1
1,341,n_N331_2,n_N363_2,9.21,1
1,342,n_N331_2,n_N387_2,7.78,1
1,343,n_N331_2,n_N407_2,7.95,1
1,344,n_N331_2,os_O1_11,8.2,0
1,345,n_N331_2,o_O2_11,9.61,0
1,346,n_N343_2,n_N387_2,9.97,1
1,347,n_N363_2,n_N375_2,9.09,1
1,348,n_N363_2,n_N407_2,7.89,1
1,349,n_N363_2,n_N419_2,6.52,1
1,350,n_N363_2,n_N431_2,4.64,1
1,351,n_N363_2,n_N475_2,6.81,1
1,352,n_N375_2,n_N387_2,5.11,1
1,353,n_N375_2,n_N407_2,8.87,1
1,354,n_N375_2,n_N419_2,8.44,1
1,355,n_N375_2,n_N431_2,7.09,1
1,356,n_N375_2,n_N451_2,5.87,1
1,357,n_N375_2,os_O1_11,7.75,0
1,358,n_N387_2,n_N431_2,8.79,1
1,359,n_N387_2,os_O1_11,6.13,0
1,360,n_N387_2,o_O2_11,9.04,0
1,361,n_N407_2,n_N451_2,9.26,1
1,362,n_N407_2,n_N463_2,8.23,1
1,363,n_N407_2,n_N475_2,4.19,1
1,364,n_N407_2,n_N519_2,9.98,1
1,365,n_N407_2,os_O1_11,9.86,0
1,366,n_N419_2,n_N431_2,4.99,1
1,367,n_N419_2,n_N451_2,8.52,1
1,368,n_N419_2,n_N463_2,9.3,1
1,369,n_N419_2,n_N475_2,7.99,1
1,370,n_N419_2,n_N495_2,4.85,1
1,371,n_N419_2,n_N563_2,9.11,1
1,372,n_N431_2,n_N475_2,9.69,1
1,373,n_N431_2,n_N495_2,9.61,1
1,374,n_N451_2,n_N463_2,9.02,1
1,375,n_N451_2,n_N475_2,9.45,1
1,376,n_N451_2,n_N495_2,8.78,1
1,377,n_N451_2,n_N507_2,7.37,1
1,378,n_N451_2,n_N519_2,4.73,1
1,379,n_N451_2,n_N539_2,8.85,1
1,380,n_N451_2,n_N563_2,8.22,1
1,381,n_N451_2,os_O1_6,8.0,0
1,382,n_N451_2,o_O2_6,7.17,0
1,383,n_N463_2,n_N475_2,5.33,1
1,384,n_N463_2,n_N495_2,9.01,1
1,385,n_N463_2,n_N507_2,8.06,1
1,386,n_N463_2,n_N519_2,7.24,1
1,387,n_N463_2,n_N539_2,3.42,1
1,388,n_N463_2,n_N607_2,8.66,1
1,389,n_N475_2,n_N519_2,9.8,1
1,390,n_N475_2,n_N539_2,8.53,1
1,391,n_N495_2,n_N507_2,9.83,1
1,392,n_N495_2,n_N539_2,9.13,1
1,393,n_N495_2,n_N551_2,6.26,1
1,394,n_N495_2,n_N563_2,4.97,1
1,395,n_N495_2,n_N607_2,7.91,1
1,396,n_N507_2,n_N519_2,3.98,1
1,397,n_N507_2,n_N539_2,5.18,1
1,398,n_N507_2,n_N563_2,6.95,1
1,399,n_N507_2,n_N583_2,4.66,1
1,400,n_N507_2,n_N627_2,6.91,1
1,401,n_N507_2,n_N651_2,9.94,1
1,402,n_N507_2,os_O1_6,8.53,0
1,403,n_N507_2,o_O2_6,9.3,0
1,404,n_N519_2,n_N539_2,5.81,1
1,405,n_N519_2,n_N563_2,8.83,1
1,406,n_N519_2,n_N583_2,8.52,1
1,407,n_N519_2,os_O1_6,6.65,0
1,408,n_N519_2,o_O2_6,7.92,0
1,409,n_N539_2,n_N563_2,8.84,1
1,410,n_N539_2,n_N583_2,6.68,1
1,411,n_N539_2,n_N607_2,8.45,1
1,412,n_N539_2,n_N627_2,8.9,1
1,413,n_N539_2,n_N651_2,8.47,1
1,414,n_N551_2,n_N563_2,6.02,1
1,415,n_N551_2,n_N583_2,9.43,1
1,416,n_N551_2,n_N595_2,8.61,1
1,417,n_N551_2,n_N607_2,5.94,1
1,418,n_N551_2,n_N627_2,7.29,1
1,419,n_N551_2,n_N671_2,9.1,1
1,420,n_N563_2,n_N583_2,8.07,1
1,421,n_N563_2,n_N607_2,9.69,1
1,422,n_N563_2,n_N627_2,7.06,1
1,423,n_N583_2,n_N627_2,3.37,1
1,424,n_N583_2,n_N639_2,8.44,1
1,425,n_N583_2,n_N651_2,6.44,1
1,426,n_N583_2,n_N695_2,8.57,1
1,427,n_N595_2,n_N607_2,4.97,1
1,428,n_N595_2,n_N627_2,9.78,1
1,429,n_N595_2,n_N651_2,7.43,1
1,430,n_N595_2,n_N671_2,7.31,1
1,431,n_N607_2,n_N627_2,9.74,1
1,432,n_N627_2,n_N639_2,8.81,1
1,433,n_N627_2,n_N651_2,7.98,1
1,434,n_N627_2,n_N671_2,9.34,1
1,435,n_N627_2,n_N695_2,7.25,1
1,436,n_N639_2,n_N651_2,5.05,1
1,437,n_N639_2,n_N671_2,9.65,1
1,438,n_N639_2,n_N683_2,3.94,1
1,439,n_N639_2,n_N695_2,6.32,1
1,440,n_N639_2,n_N715_2,7.45,1
1,441,n_N651_2,n_N683_2,8.56,1
1,442,n_N651_2,n_N695_2,9.74,1
1,443,n_N671_2,n_N683_2,8.94,1
1,444,n_N671_2,n_N695_2,9.57,1
1,445,n_N671_2,n_N727_2,7.91,1
1,446,n_N671_2,n_N739_2,4.35,1
1,447,n_N671_2,n_N783_2,7.64,1
1,448,n_N683_2,n_N695_2,6.7,1
1,449,n_N683_2,n_N715_2,3.57,1
1,450,n_N683_2,n_N739_2,9.25,1
1,451,n_N683_2,n_N783_2,9.45,1
1,452,n_N695_2,n_N715_2,8.99,1
1,453,n_N695_2,n_N739_2,8.38,1
1,454,n_N715_2,n_N739_2,9.97,1
1,455,n_N715_2,n_N759_2,7.86,1
1,456,n_N715_2,n_N783_2,8.62,1
1,457,n_N727_2,n_N739_2,5.02,1
1,458,n_N727_2,n_N759_2,7.95,1
1,459,n_N727_2,n_N783_2,7.6,1
1,460,n_N739_2,n_N783_2,8.83,1
1,461,n_N771_2,n_N783_2,5.04,1
1,462,n_N11_3,n_N35_3,9.21,1
1,463,n_N11_3,n_N55_3,7.41,1
1,464,n_N11_3,n_N67_3,9.81,1
1,465,n_N11_3,n_N79_3,7.29,1
1,466,n_N11_3,n_N99_3,8.23,1
1,467,n_N11_3,n_N123_3,7.84,1
1,468,n_N23_3,n_N35_3,7.35,1
1,469,n_N23_3,n_N55_3,8.87,1
1,470,n_N23_3,n_N67_3,7.32,1
1,471,n_N23_3,n_N79_3,6.26,1
1,472,n_N23_3,n_N99_3,5.35,1
1,473,n_N23_3,n_N123_3,9.87,1
1,474,n_N23_3,n_N143_3,7.62,1
1,475,n_N23_3,n_N167_3,8.55,1
1,476,n_N35_3,n_N79_3,9.05,1
1,477,n_N35_3,n_N99_3,6.92,1
1,478,n_N55_3,n_N67_3,9.51,1
1,479,n_N55_3,n_N99_3,5.03,1
1,480,n_N55_3,n_N111_3,5.56,1
1,481,n_N55_3,n_N123_3,4.12,1
1,482,n_N55_3,n_N167_3,7.83,1
1,483,n_N55_3,n_N187_3,9.77,1
1,484,n_N67_3,n_N79_3,5.1,1
1,485,n_N67_3,n_N99_3,9.83,1
1,486,n_N67_3,n_N123_3,7.2,1
1,487,n_N67_3,n_N143_3,5.27,1
1,488,n_N67_3,n_N211_3,9.87,1
1,489,n_N79_3,n_N99_3,8.86,1
1,490,n_N79_3,n_N123_3,9.32,1
1,491,n_N79_3,n_N143_3,9.3,1
1,492,n_N99_3,n_N111_3,9.24,1
1,493,n_N99_3,n_N123_3,8.06,1
1,494,n_N99_3,n_N167_3,6.82,1
1,495,n_N111_3,n_N123_3,4.95,1
1,496,n_N111_3,n_N143_3,9.57,1
1,497,n_N111_3,n_N155_3,7.68,1
1,498,n_N111_3,n_N167_3,7.45,1
1,499,n_N111_3,n_N187_3,4.56,1
1,500,n_N111_3,n_N211_3,9.65,1
1,501,n_N111_3,n_N255_3,6.65,1
1,502,n_N123_3,n_N143_3,9.17,1
1,503,n_N123_3,n_N167_3,9.9,1
1,504,n_N123_3,n_N187_3,9.35,1
1,505,n_N143_3,n_N167_3,9.46,1
1,506,n_N143_3,n_N211_3,5.46,1
1,507,n_N155_3,n_N167_3,5.29,1
1,508,n_N155_3,n_N187_3,6.56,1
1,509,n_N155_3,n_N199_3,9.89,1
1,510,n_N155_3,n_N211_3,8.8,1
1,511,n_N155_3,n_N231_3,6.63,1
1,512,n_N155_3,n_N255_3,9.17,1
1,513,n_N155_3,n_N299_3,8.9,1
1,514,n_N167_3,n_N187_3,9.15,1
1,515,n_N187_3,n_N199_3,8.85,1
1,516,n_N187_3,n_N231_3,9.49,1
1,517,n_N187_3,n_N243_3,7.5,1
1,518,n_N187_3,n_N255_3,4.04,1
1,519,n_N187_3,n_N275_3,8.09,1
1,520,n_N187_3,n_N299_3,8.1,1
1,521,n_N199_3,n_N211_3,5.74,1
1,522,n_N199_3,n_N231_3,7.67,1
1,523,n_N199_3,n_N243_3,7.86,1
1,524,n_N199_3,n_N255_3,6.28,1
1,525,n_N199_3,n_N275_3,4.57,1
1,526,n_N199_3,n_N343_3,7.75,1
1,527,n_N211_3,n_N231_3,9.38,1
1,528,n_N211_3,n_N255_3,9.23,1
1,529,n_N211_3,n_N275_3,9.9,1
1,530,n_N231_3,n_N243_3,8.69,1
1,531,n_N231_3,n_N255_3,9.86,1
1,532,n_N231_3,n_N275_3,7.42,1
1,533,n_N231_3,n_N287_3,6.92,1
1,534,n_N231_3,n_N299_3,7.03,1
1,535,n_N231_3,n_N343_3,5.26,1
1,536,n_N231_3,n_N407_3,8.61,1
1,537,n_N243_3,n_N255_3,5.79,1
1,538,n_N243_3,n_N275_3,3.54,1
1,539,n_N243_3,n_N287_3,9.11,1
1,540,n_N243_3,n_N299_3,5.98,1
1,541,n_N243_3,n_N319_3,5.42,1
1,542,n_N243_3,n_N343_3,9.67,1
1,543,n_N255_3,n_N275_3,5.49,1
1,544,n_N255_3,n_N299_3,9.27,1
1,545,n_N275_3,n_N287_3,9.98,1
1,546,n_N275_3,n_N299_3,7.97,1
1,547,n_N275_3,n_N319_3,6.7,1
1,548,n_N275_3,n_N343_3,7.48,1
1,549,n_N287_3,n_N299_3,5.31,1
1,550,n_N287_3,n_N319_3,8.88,1
1,551,n_N287_3,n_N331_3,8.26,1
1,552,n_N287_3,n_N343_3,8.15,1
1,553,n_N287_3,n_N363_3,7.31,1
1,554,n_N287_3,n_N407_3,4.05,1
1,555,n_N287_3,n_N475_3,9.42,1
1,556,n_N299_3,n_N319_3,8.59,1
1,557,n_N299_3,n_N363_3,9.47,1
1,558,n_N299_3,n_N407_3,8.48,1
1,559,n_N319_3,n_N331_3,9.51,1
1,560,n_N319_3,n_N343_3,9.74,1
1,561,n_N319_3,n_N363_3,6.54,1
1,562,n_N319_3,n_N375_3,9.55,1
1,563,n_N319_3,n_N387_3,7.02,1
1,564,n_N319_3,n_N407_3,7.76,1
1,565,n_N319_3,n_N431_3,8.45,1
1,566,n_N331_3,n_N343_3,6.33,1
1,567,n_N331_3,n_N363_3,9.18,1
1,568,n_N331_3,n_N375_3,7.07,1
1,569,n_N331_3,n_N387_3,6.69,1
1,570,n_N331_3,n_N407_3,4.55,1
1,571,n_N331_3,n_N431_3,9.8,1
1,572,n_N331_3,n_N451_3,8.29,1
1,573,n_N331_3,n_N475_3,9.66,1
1,574,n_N331_3,n_N519_3,9.93,1
1,575,n_N343_3,n_N387_3,8.93,1
1,576,n_N343_3,n_N407_3,7.08,1
1,577,n_N363_3,n_N375_3,9.83,1
1,578,n_N363_3,n_N407_3,6.02,1
1,579,n_N363_3,n_N419_3,6.42,1
1,580,n_N363_3,n_N431_3,4.04,1
1,581,n_N363_3,n_N451_3,9.98,1
1,582,n_N363_3,n_N475_3,8.96,1
1,583,n_N375_3,n_N387_3,4.34,1
1,584,n_N375_3,n_N407_3,9.48,1
1,585,n_N375_3,n_N431_3,7.84,1
1,586,n_N375_3,n_N451_3,4.78,1
1,587,n_N375_3,n_N519_3,8.48,1
1,588,n_N375_3,n_N363_4,8.52,2
1,589,n_N387_3,n_N407_3,8.77,1
1,590,n_N387_3,n_N431_3,9.59,1
1,591,n_N387_3,n_N451_3,8.83,1
1,592,n_N407_3,n_N419_3,9.48,1
1,593,n_N407_3,n_N431_3,8.33,1
1,594,n_N407_3,n_N475_3,7.94,1
1,595,n_N419_3,n_N431_3,4.3,1
1,596,n_N419_3,n_N451_3,7.29,1
1,597,n_N419_3,n_N463_3,7.14,1
1,598,n_N419_3,n_N475_3,6.67,1
1,599,n_N419_3,n_N495_3,5.83,1
1,600,n_N419_3,n_N519_3,9.17,1
1,601,n_N419_3,n_N563_3,8.13,1
1,602,n_N431_3,n_N451_3,7.12,1
1,603,n_N431_3,n_N475_3,9.44,1
1,604,n_N431_3,n_N495_3,9.58,1
1,605,n_N451_3,n_N507_3,8.32,1
1,606,n_N451_3,n_N519_3,4.33,1
1,607,n_N451_3,n_N539_3,8.83,1
1,608,n_N463_3,n_N475_3,5.12,1
1,609,n_N463_3,n_N495_3,6.44,1
1,610,n_N463_3,n_N519_3,8.84,1
1,611,n_N463_3,n_N539_3,6.88,1
1,612,n_N463_3,n_N563_3,9.27,1
1,613,n_N463_3,n_N607_3,7.52,1
1,614,n_N475_3,n_N495_3,9.62,1
1,615,n_N475_3,n_N519_3,9.99,1
1,616,n_N495_3,n_N507_3,9.58,1
1,617,n_N495_3,n_N539_3,8.6,1
1,618,n_N495_3,n_N551_3,6.73,1
1,619,n_N495_3,n_N563_3,3.81,1
1,620,n_N495_3,n_N583_3,8.96,1
1,621,n_N495_3,n_N607_3,8.12,1
1,622,n_N507_3,n_N519_3,5.63,1
1,623,n_N507_3,n_N539_3,4.12,1
1,624,n_N507_3,n_N551_3,9.64,1
1,625,n_N507_3,n_N563_3,7.81,1
1,626,n_N507_3,n_N583_3,4.64,1
1,627,n_N507_3,n_N627_3,8.23,1
1,628,n_N519_3,n_N539_3,5.3,1
1,629,n_N519_3,n_N583_3,9.87,1
1,630,n_N539_3,n_N551_3,9.92,1
1,631,n_N539_3,n_N563_3,8.49,1
1,632,n_N539_3,n_N583_3,6.4,1
1,633,n_N539_3,n_N607_3,8.59,1
1,634,n_N551_3,n_N563_3,4.91,1
1,635,n_N551_3,n_N583_3,5.91,1
1,636,n_N551_3,n_N595_3,8.2,1
1,637,n_N551_3,n_N607_3,7.32,1
1,638,n_N551_3,n_N651_3,9.45,1
1,639,n_N551_3,n_N671_3,6.78,1
1,640,n_N551_3,n_N727_3,8.61,1
1,641,n_N551_3,n_N739_3,6.95,1
1,642,n_N563_3,n_N583_3,6.46,1
1,643,n_N563_3,n_N607_3,9.38,1
1,644,n_N583_3,n_N595_3,9.7,1
1,645,n_N583_3,n_N607_3,9.07,1
1,646,n_N583_3,n_N627_3,6.24,1
1,647,n_N583_3,n_N651_3,9.73,1
1,648,n_N583_3,n_N671_3,9.43,1
1,649,n_N583_3,n_N695_3,9.73,1
1,650,n_N583_3,n_N739_3,7.89,1
1,651,n_N595_3,n_N607_3,5.0,1
1,652,n_N595_3,n_N639_3,7.19,1
1,653,n_N595_3,n_N651_3,3.61,1
1,654,n_N595_3,n_N671_3,7.39,1
1,655,n_N607_3,n_N651_3,8.24,1
1,656,n_N627_3,n_N639_3,9.5,1
1,657,n_N627_3,n_N651_3,9.38,1
1,658,n_N627_3,n_N683_3,7.93,1
1,659,n_N627_3,n_N695_3,4.35,1
1,660,n_N627_3,n_N715_3,9.24,1
1,661,n_N627_3,n_N739_3,9.45,1
1,662,n_N639_3,n_N651_3,3.71,1
1,663,n_N639_3,n_N671_3,8.39,1
1,664,n_N639_3,n_N683_3,9.87,1
1,665,n_N639_3,n_N695_3,7.13,1
1,666,n_N639_3,n_N715_3,6.62,1
1,667,n_N651_3,n_N671_3,6.41,1
1,668,n_N651_3,n_N695_3,8.62,1
1,669,n_N651_3,n_N715_3,8.51,1
1,670,n_N671_3,n_N683_3,9.14,1
1,671,n_N671_3,n_N715_3,8.08,1
1,672,n_N671_3,n_N727_3,5.66,1
1,673,n_N671_3,n_N739_3,5.32,1
1,674,n_N671_3,n_N759_3,8.81,1
1,675,n_N671_3,n_N783_3,8.25,1
1,676,n_N683_3,n_N695_3,5.62,1
1,677,n_N683_3,n_N715_3,4.23,1
1,678,n_N683_3,n_N727_3,9.3,1
1,679,n_N683_3,n_N739_3,7.27,1
1,680,n_N683_3,n_N759_3,4.91,1
1,681,n_N683_3,n_N671_4,8.11,2
1,682,n_N683_3,n_N727_4,9.23,2
1,683,n_N683_3,n_N739_4,9.08,2
1,684,n_N695_3,n_N715_3,5.73,1
1,685,n_N695_3,n_N739_3,9.97,1
1,686,n_N695_3,n_N671_4,8.21,2
1,687,n_N715_3,n_N739_3,8.88,1
1,688,n_N715_3,n_N759_3,7.74,1
1,689,n_N715_3,n_N783_3,9.57,1
1,690,n_N727_3,n_N739_3,3.78,1
1,691,n_N727_3,n_N759_3,5.97,1
1,692,n_N727_3,n_N771_3,9.79,1
1,693,n_N727_3,n_N783_3,7.36,1
1,694,n_N739_3,n_N759_3,5.28,1
1,695,n_N739_3,n_N783_3,9.93,1
1,696,n_N759_3,n_N771_3,9.34,1
1,697,n_N759_3,n_N783_3,9.13,1
1,698,n_N771_3,n_N783_3,5.23,1
1,699,n_N11_4,n_N23_4,9.06,1
1,700,n_N11_4,n_N35_4,9.94,1
1,701,n_N11_4,n_N55_4,4.41,1
1,702,n_N11_4,n_N67_4,6.99,1
1,703,n_N11_4,n_N79_4,4.45,1
1,704,n_N11_4,n_N99_4,8.61,1
1,705,n_N11_4,n_N123_4,7.35,1
1,706,n_N23_4,n_N35_4,6.15,1
1,707,n_N23_4,n_N55_4,9.43,1
1,708,n_N23_4,n_N67_4,8.7,1
1,709,n_N23_4,n_N79_4,8.01,1
1,710,n_N23_4,n_N99_4,5.73,1
1,711,n_N23_4,n_N123_4,9.8,1
1,712,n_N23_4,n_N167_4,7.58,1
1,713,n_N35_4,n_N79_4,9.58,1
1,714,n_N55_4,n_N67_4,9.02,1
1,715,n_N55_4,n_N79_4,8.1,1
1,716,n_N55_4,n_N99_4,9.8,1
1,717,n_N55_4,n_N111_4,8.9,1
1,718,n_N55_4,n_N123_4,4.59,1
1,719,n_N67_4,n_N79_4,4.24,1
1,720,n_N67_4,n_N99_4,3.91,1
1,721,n_N67_4,n_N123_4,7.92,1
1,722,n_N67_4,n_N143_4,7.53,1
1,723,n_N67_4,n_N187_4,8.27,1
1,724,n_N79_4,n_N99_4,5.95,1
1,725,n_N79_4,n_N123_4,9.25,1
1,726,n_N99_4,n_N111_4,9.59,1
1,727,n_N99_4,n_N123_4,8.46,1
1,728,n_N99_4,n_N143_4,7.0,1
1,729,n_N99_4,n_N167_4,9.01,1
1,730,n_N99_4,n_N187_4,8.03,1
1,731,n_N99_4,n_N211_4,8.77,1
1,732,n_N111_4,n_N123_4,4.57,1
1,733,n_N111_4,n_N143_4,8.3,1
1,734,n_N111_4,n_N167_4,7.32,1
1,735,n_N111_4,n_N187_4,5.02,1
1,736,n_N111_4,n_N255_4,8.81,1
1,737,n_N123_4,n_N143_4,9.82,1
1,738,n_N123_4,n_N167_4,9.29,1
1,739,n_N123_4,n_N187_4,7.31,1
1,740,n_N143_4,n_N155_4,9.5,1
1,741,n_N143_4,n_N187_4,3.58,1
1,742,n_N143_4,n_N199_4,8.26,1
1,743,n_N143_4,n_N211_4,4.76,1
1,744,n_N143_4,n_N255_4,7.48,1
1,745,n_N155_4,n_N167_4,6.12,1
1,746,n_N155_4,n_N187_4,9.58,1
1,747,n_N155_4,n_N199_4,8.02,1
1,748,n_N155_4,n_N211_4,6.88,1
1,749,n_N155_4,n_N231_4,4.93,1
1,750,n_N155_4,n_N299_4,9.88,1
1,751,n_N167_4,n_N187_4,9.17,1
1,752,n_N167_4,n_N231_4,9.28,1
1,753,n_N187_4,n_N199_4,9.44,1
1,754,n_N187_4,n_N211_4,7.3,1
1,755,n_N187_4,n_N255_4,6.11,1
1,756,n_N199_4,n_N211_4,5.6,1
1,757,n_N199_4,n_N231_4,8.51,1
1,758,n_N199_4,n_N243_4,8.7,1
1,759,n_N199_4,n_N255_4,6.92,1
1,760,n_N199_4,n_N275_4,4.22,1
1,761,n_N199_4,n_N343_4,9.81,1
1,762,n_N211_4,n_N255_4,8.93,1
1,763,n_N211_4,n_N275_4,9.17,1
1,764,n_N231_4,n_N275_4,9.47,1
1,765,n_N231_4,n_N287_4,8.02,1
1,766,n_N231_4,n_N299_4,5.47,1
1,767,n_N231_4,n_N343_4,8.69,1
1,768,n_N243_4,n_N255_4,4.6,1
1,769,n_N243_4,n_N275_4,5.04,1
1,770,n_N243_4,n_N299_4,8.29,1
1,771,n_N243_4,n_N319_4,4.37,1
1,772,n_N243_4,n_N387_4,9.88,1
1,773,n_N255_4,n_N275_4,5.14,1
1,774,n_N255_4,n_N319_4,8.66,1
1,775,n_N275_4,n_N299_4,9.57,1
1,776,n_N275_4,n_N319_4,6.59,1
1,777,n_N275_4,n_N343_4,9.35,1
1,778,n_N275_4,n_N387_4,7.85,1
1,779,n_N287_4,n_N299_4,4.71,1
1,780,n_N287_4,n_N319_4,8.67,1
1,781,n_N287_4,n_N331_4,7.72,1
1,782,n_N287_4,n_N343_4,5.78,1
1,783,n_N287_4,n_N363_4,8.74,1
1,784,n_N299_4,n_N319_4,9.07,1
1,785,n_N299_4,n_N343_4,8.81,1
1,786,n_N319_4,n_N363_4,7.23,1
1,787,n_N319_4,n_N375_4,9.41,1
1,788,n_N319_4,n_N387_4,7.06,1
1,789,n_N319_4,n_N431_4,8.49,1
1,790,n_N331_4,n_N343_4,4.51,1
1,791,n_N331_4,n_N363_4,9.12,1
1,792,n_N331_4,n_N375_4,8.91,1
1,793,n_N331_4,n_N387_4,7.64,1
1,794,n_N331_4,n_N407_4,5.02,1
1,795,n_N331_4,n_N475_4,7.89,1
1,796,n_N343_4,n_N387_4,9.45,1
1,797,n_N343_4,n_N407_4,9.02,1
1,798,n_N363_4,n_N375_4,9.12,1
1,799,n_N363_4,n_N387_4,9.85,1
1,800,n_N363_4,n_N407_4,9.17,1
1,801,n_N363_4,n_N419_4,7.16,1
1,802,n_N363_4,n_N431_4,3.58,1
1,803,n_N363_4,n_N475_4,7.78,1
1,804,n_N375_4,n_N387_4,4.59,1
1,805,n_N375_4,n_N407_4,9.89,1
1,806,n_N375_4,n_N419_4,9.99,1
1,807,n_N375_4,n_N431_4,7.47,1
1,808,n_N375_4,n_N451_4,6.5,1
1,809,n_N375_4,n_N519_4,9.36,1
1,810,n_N387_4,n_N431_4,9.64,1
1,811,n_N407_4,n_N419_4,9.04,1
1,812,n_N407_4,n_N451_4,9.2,1
1,813,n_N407_4,n_N463_4,6.52,1
1,814,n_N407_4,n_N475_4,3.98,1
1,815,n_N407_4,n_N519_4,8.29,1
1,816,n_N407_4,n_N539_4,8.87,1
1,817,n_N419_4,n_N431_4,5.55,1
1,818,n_N419_4,n_N451_4,7.91,1
1,819,n_N419_4,n_N463_4,8.93,1
1,820,n_N419_4,n_N475_4,6.97,1
1,821,n_N419_4,n_N495_4,5.42,1
1,822,n_N419_4,n_N519_4,9.41,1
1,823,n_N419_4,n_N563_4,8.57,1
1,824,n_N431_4,n_N451_4,9.45,1
1,825,n_N431_4,n_N475_4,9.1,1
1,826,n_N451_4,n_N507_4,8.87,1
1,827,n_N451_4,n_N519_4,3.79,1
1,828,n_N451_4,n_N539_4,8.78,1
1,829,n_N463_4,n_N475_4,5.76,1
1,830,n_N463_4,n_N495_4,7.59,1
1,831,n_N463_4,n_N507_4,8.59,1
1,832,n_N463_4,n_N519_4,7.93,1
1,833,n_N463_4,n_N539_4,4.54,1
1,834,n_N463_4,n_N563_4,9.8,1
1,835,n_N463_4,n_N583_4,9.74,1
1,836,n_N463_4,n_N607_4,6.73,1
1,837,n_N475_4,n_N495_4,8.93,1
1,838,n_N475_4,n_N519_4,10.0,1
1,839,n_N475_4,n_N539_4,9.51,1
1,840,n_N495_4,n_N507_4,9.46,1
1,841,n_N495_4,n_N539_4,8.9,1
1,842,n_N495_4,n_N551_4,7.4,1
1,843,n_N495_4,n_N563_4,4.64,1
1,844,n_N495_4,n_N583_4,8.64,1
1,845,n_N495_4,n_N607_4,7.34,1
1,846,n_N507_4,n_N519_4,6.25,1
1,847,n_N507_4,n_N539_4,4.59,1
1,848,n_N507_4,n_N551_4,8.83,1
1,849,n_N507_4,n_N563_4,7.01,1
1,850,n_N507_4,n_N583_4,3.77,1
1,851,n_N507_4,n_N627_4,7.65,1
1,852,n_N519_4,n_N539_4,5.49,1
1,853,n_N519_4,n_N563_4,9.69,1
1,854,n_N519_4,n_N583_4,9.52,1
1,855,n_N539_4,n_N563_4,8.82,1
1,856,n_N539_4,n_N583_4,6.89,1
1,857,n_N539_4,n_N607_4,8.58,1
1,858,n_N551_4,n_N563_4,5.37,1
1,859,n_N551_4,n_N583_4,5.41,1
1,860,n_N551_4,n_N595_4,9.1,1
1,861,n_N551_4,n_N607_4,6.94,1
1,862,n_N551_4,n_N627_4,5.78,1
1,863,n_N551_4,n_N671_4,8.98,1
1,864,n_N551_4,n_N695_4,8.42,1
1,865,n_N563_4,n_N583_4,5.4,1
1,866,n_N563_4,n_N607_4,9.09,1
1,867,n_N563_4,n_N627_4,8.69,1
1,868,n_N583_4,n_N607_4,8.93,1
1,869,n_N583_4,n_N627_4,4.43,1
1,870,n_N583_4,n_N651_4,9.57,1
1,871,n_N583_4,n_N695_4,8.74,1
1,872,n_N595_4,n_N607_4,6.09,1
1,873,n_N595_4,n_N627_4,9.92,1
1,874,n_N595_4,n_N639_4,7.0,1
1,875,n_N595_4,n_N651_4,6.75,1
1,876,n_N595_4,n_N671_4,9.05,1
1,877,n_N627_4,n_N639_4,9.29,1
1,878,n_N627_4,n_N651_4,7.35,1
1,879,n_N627_4,n_N683_4,9.23,1
1,880,n_N627_4,n_N695_4,4.34,1
1,881,n_N627_4,n_N715_4,9.38,1
1,882,n_N639_4,n_N651_4,6.09,1
1,883,n_N639_4,n_N671_4,7.91,1
1,884,n_N639_4,n_N683_4,9.07,1
1,885,n_N639_4,n_N695_4,7.51,1
1,886,n_N639_4,n_N715_4,4.01,1
1,887,n_N639_4,n_N783_4,9.9,1
1,888,n_N651_4,n_N695_4,8.14,1
1,889,n_N651_4,n_N715_4,8.91,1
1,890,n_N671_4,n_N683_4,8.18,1
1,891,n_N671_4,n_N695_4,9.58,1
1,892,n_N671_4,n_N715_4,7.37,1
1,893,n_N671_4,n_N727_4,7.53,1
1,894,n_N671_4,n_N739_4,6.15,1
1,895,n_N671_4,n_N759_4,8.67,1
1,896,n_N671_4,n_N783_4,6.58,1
1,897,n_N683_4,n_N695_4,5.44,1
1,898,n_N683_4,n_N715_4,5.52,1
1,899,n_N683_4,n_N727_4,7.09,1
1,900,n_N683_4,n_N739_4,4.72,1
1,901,n_N683_4,n_N759_4,5.25,1
1,902,n_N695_4,n_N715_4,6.0,1
1,903,n_N695_4,n_N739_4,8.59,1
1,904,n_N715_4,n_N727_4,9.58,1
1,905,n_N715_4,n_N739_4,8.34,1
1,906,n_N715_4,n_N759_4,7.77,1
1,907,n_N715_4,n_N771_4,9.03,1
1,908,n_N715_4,n_N783_4,8.57,1
1,909,n_N727_4,n_N739_4,4.45,1
1,910,n_N727_4,n_N759_4,3.37,1
1,911,n_N727_4,n_N771_4,9.69,1
1,912,n_N727_4,n_N783_4,6.83,1
1,913,n_N739_4,n_N759_4,5.34,1
1,914,n_N739_4,n_N783_4,9.13,1
1,915,n_N759_4,n_N771_4,7.63,1
1,916,n_N759_4,n_N783_4,7.46,1
1,917,n_N771_4,n_N783_4,7.41,1
1,918,os_O1_5,o_O2_5,4.12,1
1,919,os_O1_6,o_O2_6,4.03,1
1,920,os_O1_6,os_O1_10,8.9,2
1,921,os_O1_6,o_O2_10,5.39,2
1,922,o_O2_6,os_O1_10,5.37,2
1,923,o_O2_6,o_O2_10,3.29,2
1,924,os_O1_7,o_O2_7,4.05,1
1,925,os_O1_8,o_O2_8,4.09,1
1,926,os_O1_9,o_O2_9,4.12,1
1,927,os_O1_9,o_O2_13,9.46,2
1,928,os_O1_10,o_O2_10,4.08,1
1,929,os_O1_11,o_O2_11,4.07,1
1,930,os_O1_12,o_O2_12,4.08,1
1,931,os_O1_13,o_O2_13,4.17,1
1,932,os_O1_14,o_O2_14,3.98,1
